"id","deviceid","timestamp","speed","direction","vehicletype"
"6c9a74a2-4cd0-422a-8d37-585938164e8f",Vehicle-Charmi-123,2024-10-29 20:52:53.067,14.220707012586264,North-East,private
"5bfddabd-61a2-4eb7-9013-3bda0c8c6ee5",Vehicle-Charmi-123,2024-10-29 20:53:35.067,5.38928695043809,North-East,private
"78ebfce8-ab1e-49ea-9e75-d4b0db4fc2f6",Vehicle-Charmi-123,2024-10-29 20:54:19.067,33.253983735644795,North-East,private
"5989a4c9-36c8-4958-9e47-e8432a8f0057",Vehicle-Charmi-123,2024-10-29 20:55:01.067,35.31729490122791,North-East,private
"8d032ec1-1823-4f7d-8203-5c4cb7ff3fa5",Vehicle-Charmi-123,2024-10-29 20:55:55.067,24.52156969402107,North-East,private
f7e60dea-83f9-4fd6-ba62-c90b064931f8,Vehicle-Charmi-123,2024-10-29 19:19:38.067,24.54835944980138,North-East,private
"0e326c09-1e89-4276-a2a4-6a0a34ffaffc",Vehicle-Charmi-123,2024-10-29 19:20:26.067,24.09554669803885,North-East,private
"95647b48-abf9-4453-b9e2-40ef35f8106e",Vehicle-Charmi-123,2024-10-29 19:21:16.067,3.5490405028050542,North-East,private
"8098cd78-103b-4b28-8509-53a5fb57d0a4",Vehicle-Charmi-123,2024-10-29 19:22:00.067,38.764073004227406,North-East,private
"6c45b422-f097-44a8-91d5-45d8ea51eccd",Vehicle-Charmi-123,2024-10-29 19:22:57.067,0.8031199332228001,North-East,private
"3369fe27-3ed7-41ce-bb6a-22d8de92170d",Vehicle-Charmi-123,2024-10-29 19:23:55.067,1.2397281620869993,North-East,private
"6f58939e-d425-4fdc-b606-4aee85ac2076",Vehicle-Charmi-123,2024-10-29 19:34:35.067,27.554021504638172,North-East,private
"5ea22ec5-f9e2-4036-b9d7-2836beaf934a",Vehicle-Charmi-123,2024-10-29 19:35:18.067,34.585197204441926,North-East,private
c2dca481-52e5-4c70-af59-be351507e7f9,Vehicle-Charmi-123,2024-10-29 19:36:10.067,25.70961245160656,North-East,private
"5d05374f-dd57-4722-a43e-9b588dda9703",Vehicle-Charmi-123,2024-10-29 19:37:01.067,33.5751367730587,North-East,private
"2190d4c6-1d8f-43d7-b001-7aae6ce5e007",Vehicle-Charmi-123,2024-10-29 19:37:59.067,7.534403249600317,North-East,private
a4481a20-9e29-4fd0-a135-708d22016f5c,Vehicle-Charmi-123,2024-10-29 20:41:12.067,19.499749772174468,North-East,private
"45c7e610-2a8f-42aa-ac5a-ef48b351884c",Vehicle-Charmi-123,2024-10-29 20:41:54.067,2.8537631270622965,North-East,private
df70aca6-786b-439a-868b-726b695f660f,Vehicle-Charmi-123,2024-10-29 20:42:54.067,23.47679094104042,North-East,private
b7daa30b-0ebf-467a-82b9-1a91456bd548,Vehicle-Charmi-123,2024-10-29 20:43:27.067,35.14763905798966,North-East,private
afe1dd69-16cc-42b0-90a6-7705cb789e98,Vehicle-Charmi-123,2024-10-29 20:44:09.067,9.89586077260769,North-East,private
fc030c97-2cf4-427c-b52c-17ba08a660f0,Vehicle-Charmi-123,2024-10-29 20:45:08.067,17.793797294829755,North-East,private
"1f708eb0-7737-4067-bd89-538a3105ec34",Vehicle-Charmi-123,2024-10-29 20:49:25.067,19.93583023487432,North-East,private
"5dedad5c-d3ba-410b-af24-cc20286795ba",Vehicle-Charmi-123,2024-10-29 20:50:23.067,32.69002895998281,North-East,private
"7cb01e51-f314-40b7-b54c-69c1c567eefa",Vehicle-Charmi-123,2024-10-29 20:50:56.067,39.28463405622456,North-East,private
"033114ee-4883-4868-ae23-8f1a7b189c6f",Vehicle-Charmi-123,2024-10-29 20:51:32.067,2.0835005830698172,North-East,private
"945a6a30-54f9-4c54-af36-a8dbf4aa7236",Vehicle-Charmi-123,2024-10-29 20:52:03.067,27.63005658247193,North-East,private
"1e2caf2f-8762-4a5f-8e17-48c048d2e706",Vehicle-Charmi-123,2024-10-29 19:56:56.067,35.670174196512875,North-East,private
"3ce50b57-2973-43d2-8d00-e76a64293488",Vehicle-Charmi-123,2024-10-29 19:57:55.067,23.142175428167064,North-East,private
ad8cb3f8-900b-41f0-bbc5-b3f595e0e0f0,Vehicle-Charmi-123,2024-10-29 19:58:49.067,15.914799858210543,North-East,private
fe892466-d4c0-43ca-9a58-0eebdf7619c1,Vehicle-Charmi-123,2024-10-29 19:59:29.067,37.42048309850143,North-East,private
"70aa3b5c-60fc-4171-906b-68adb1a2f9db",Vehicle-Charmi-123,2024-10-29 20:00:09.067,30.43100099332267,North-East,private
"23651ac1-e10c-4aaa-ae3a-0223a90be6e0",Vehicle-Charmi-123,2024-10-29 20:00:43.067,2.2641909718222664,North-East,private
"79368980-699d-4105-a57a-9a105454c9af",Vehicle-Charmi-123,2024-10-29 20:01:39.067,24.644353350411464,North-East,private
"5213c53d-e90d-42d4-b224-3e1a4952f1e6",Vehicle-Charmi-123,2024-10-29 20:02:39.067,27.405950520233503,North-East,private
"15b201fb-91ff-4c6b-8b7d-b98561e0e779",Vehicle-Charmi-123,2024-10-29 21:01:19.067,20.70437435361317,North-East,private
"17273e6c-dfa5-4b56-b9f6-ed303d46655e",Vehicle-Charmi-123,2024-10-29 21:01:53.067,14.683315721042556,North-East,private
"6608a1cf-e846-4915-b515-391662500f3b",Vehicle-Charmi-123,2024-10-29 21:02:28.067,35.960963871954405,North-East,private
"708763a6-c7e0-473e-9351-2e49e15e3c25",Vehicle-Charmi-123,2024-10-29 21:03:26.067,16.660868504716774,North-East,private
"4f33c26d-9d3e-42b6-ab90-0f6d4befd9c3",Vehicle-Charmi-123,2024-10-29 21:04:13.067,13.07326510620165,North-East,private
"703dbdad-d346-46cf-82f7-1f586ca77cdc",Vehicle-Charmi-123,2024-10-29 21:04:55.067,13.446727121634812,North-East,private
"932c938a-6ebd-4fae-bdd3-06f1ecb7d009",Vehicle-Charmi-123,2024-10-29 21:05:37.067,7.843972015728831,North-East,private
d4f1a092-008b-40ad-a464-4925f90d61a2,Vehicle-Charmi-123,2024-10-29 21:06:18.067,12.829534514106783,North-East,private
"4704b2ac-42ac-477c-8248-17142d277fc2",Vehicle-Charmi-123,2024-10-29 21:06:55.067,14.952831612822774,North-East,private
"1b9e6db0-e643-4e7c-b4e2-c2f857e1011f",Vehicle-Charmi-123,2024-10-29 21:07:34.067,0.9099246060480803,North-East,private
"9516ecbe-69cf-42ae-a320-05031669db19",Vehicle-Charmi-123,2024-10-29 21:08:20.067,6.812785881790533,North-East,private
cb79eddb-5f56-4dc6-b10a-832d453f441f,Vehicle-Charmi-123,2024-10-29 21:09:17.067,15.460929045429413,North-East,private
"5e72f696-a868-494a-a370-827d9dfe2afb",Vehicle-Charmi-123,2024-10-29 21:09:48.067,21.176614554204797,North-East,private
a6602402-ba44-4f86-a12a-c597c9bb6b77,Vehicle-Charmi-123,2024-10-29 21:10:26.067,25.031694548630522,North-East,private
ae701f4f-efe5-4f9a-b426-e3375031a6ec,Vehicle-Charmi-123,2024-10-29 20:45:45.067,17.674412223061378,North-East,private
ff6f3123-dcb1-40f8-9ce0-24c8cd54061d,Vehicle-Charmi-123,2024-10-29 20:46:37.067,37.87830047472497,North-East,private
"58ce95ad-d801-4f70-945d-e63441303aca",Vehicle-Charmi-123,2024-10-29 20:47:20.067,6.530779813211551,North-East,private
"768032bc-42a6-4c2b-a5e6-80d9fbcdc0f6",Vehicle-Charmi-123,2024-10-29 20:48:15.067,7.520025030816204,North-East,private
"2c1c77de-21e5-4661-b79b-8d9872abf6e3",Vehicle-Charmi-123,2024-10-29 20:48:46.067,0.8852354246191929,North-East,private
"54db0a61-9df8-4f00-85dc-6d2803c41267",Vehicle-Charmi-123,2024-10-29 21:18:49.067,35.77312072995726,North-East,private
dd67ef4b-8230-4bf7-8f2c-191c6c3b6e04,Vehicle-Charmi-123,2024-10-29 21:19:39.067,31.8594488990289,North-East,private
"90f0014b-17e9-48f9-b26b-aeb8edf6ebd7",Vehicle-Charmi-123,2024-10-29 21:20:33.067,13.407725562301746,North-East,private
bdd2c387-4964-4395-9f99-58ada3058b63,Vehicle-Charmi-123,2024-10-29 21:21:12.067,4.702159136099193,North-East,private
"35432864-90b4-45db-b930-7fefd00a089e",Vehicle-Charmi-123,2024-10-29 21:21:48.067,19.028479592126153,North-East,private
d9441c03-589d-4c91-b38f-f53801fa269e,Vehicle-Charmi-123,2024-10-29 21:22:38.067,5.814976648637438,North-East,private
"5d2e0c87-19c3-4fcb-ae05-aa4aca09e8dd",Vehicle-Charmi-123,2024-10-29 21:23:27.067,22.487087898677366,North-East,private
e903d89d-0aba-4a57-a1cb-45e8ee54ebf5,Vehicle-Charmi-123,2024-10-29 21:23:59.067,5.3818315631220415,North-East,private
"513824a9-d477-4bc3-b917-4b50944b29bc",Vehicle-Charmi-123,2024-10-29 21:24:45.067,19.34651932837788,North-East,private
"9ccd3d17-15e6-4874-bd86-2231bf6c688c",Vehicle-Charmi-123,2024-10-29 21:25:30.067,25.274304299873442,North-East,private
a6b213b0-aed3-4c16-b1c5-b2dfa1ab67e3,Vehicle-Charmi-123,2024-10-29 21:26:23.067,31.982574050220247,North-East,private
"56698319-b597-4db5-82e2-f615e4ea3d98",Vehicle-Charmi-123,2024-10-29 21:27:02.067,12.956953575322805,North-East,private
fbcdf0d4-988d-4f95-ae18-1551e5e4eb28,Vehicle-Charmi-123,2024-10-29 21:27:53.067,18.98001813806724,North-East,private
a4b8fdfe-da44-4335-a909-bc190ce4f991,Vehicle-Charmi-123,2024-10-29 21:28:46.067,20.842928975624957,North-East,private
"91f0980e-e531-47e8-8050-b1a36a05841f",Vehicle-Charmi-123,2024-10-29 20:27:15.067,12.266123466983778,North-East,private
"1f713345-0c3e-496c-9dad-97dd313bb4dd",Vehicle-Charmi-123,2024-10-29 20:28:10.067,22.023048583872722,North-East,private
"354ff9c2-4b2b-4fe1-bc0f-211841f5cb99",Vehicle-Charmi-123,2024-10-29 20:28:42.067,14.83340504170648,North-East,private
"6a1dfd9c-383e-4305-9c08-576fe1b1179d",Vehicle-Charmi-123,2024-10-29 20:29:32.067,0.4284158950171557,North-East,private
"655a9160-ffb3-484b-9252-f65b35e6d257",Vehicle-Charmi-123,2024-10-29 20:30:22.067,6.297790434015633,North-East,private
"66724d5b-a02c-4f30-b5fe-80e266f377c6",Vehicle-Charmi-123,2024-10-29 21:29:16.067,15.00963110521759,North-East,private
ca90acc4-45df-47ae-8d68-48e7bf5190b6,Vehicle-Charmi-123,2024-10-29 21:29:48.067,9.505689850921502,North-East,private
"35bf0e27-f7a6-478c-bcf6-404a5e165107",Vehicle-Charmi-123,2024-10-29 21:30:33.067,6.163111087742945,North-East,private
dbbe71f3-07f7-4ee1-96a9-b9dd29dde04c,Vehicle-Charmi-123,2024-10-29 21:31:15.067,20.893794928740256,North-East,private
ee165283-5085-4d44-b860-7bf65c4f6445,Vehicle-Charmi-123,2024-10-29 21:31:54.067,30.33975282673326,North-East,private
"44623719-4d21-49de-81f4-8fecc490a420",Vehicle-Charmi-123,2024-10-29 21:32:27.067,24.91779850710206,North-East,private
"93a4a059-fbb2-4ee4-935b-60663c669aad",Vehicle-Charmi-123,2024-10-29 21:33:25.067,17.745905533649378,North-East,private
"7532007b-11a7-4b48-b013-f93838c4efac",Vehicle-Charmi-123,2024-10-29 21:34:15.067,27.97461999828704,North-East,private
"64163a49-cefe-4e22-a572-39b4c1411eaf",Vehicle-Charmi-123,2024-10-29 21:35:10.067,18.73103621520489,North-East,private
"0fee9abc-69d3-4d2c-a2cf-8715f0036137",Vehicle-Charmi-123,2024-10-29 21:36:01.067,34.431663716555796,North-East,private
b769e25c-6472-43e1-a568-bc3b11a6dcfc,Vehicle-Charmi-123,2024-10-29 21:36:35.067,16.22743928955581,North-East,private
"5e32ae52-58fd-4818-ada3-7496a8a15eec",Vehicle-Charmi-123,2024-10-29 21:37:10.067,15.35265835108159,North-East,private
"7c4ee9c8-7b9a-42da-bee3-87ba4c303868",Vehicle-Charmi-123,2024-10-29 21:38:09.067,33.46992775399396,North-East,private
"84a8e99e-805c-4f0e-9fdb-0674b3d361e2",Vehicle-Charmi-123,2024-10-29 21:38:58.067,15.156440534415317,North-East,private
e576eab4-2074-4627-8ebb-c84103cd7ed5,Vehicle-Charmi-123,2024-10-29 21:39:37.067,23.117256595838,North-East,private
"8736f9ec-c7c5-4a5f-af71-ecfbf868baed",Vehicle-Charmi-123,2024-10-29 21:40:26.067,16.16789664257668,North-East,private
c8f0de79-88fc-4cac-b3aa-e96a62e0faed,Vehicle-Charmi-123,2024-10-29 21:40:56.067,28.088875290800296,North-East,private
"48c9ad85-165b-4388-986b-b87a720d9e1e",Vehicle-Charmi-123,2024-10-29 21:41:52.067,33.598507469068615,North-East,private
daa27120-b081-40be-a2ed-db213e3b20d6,Vehicle-Charmi-123,2024-10-29 21:42:26.067,16.63421865110181,North-East,private
c9735987-a8dd-4007-8475-852e884c3af8,Vehicle-Charmi-123,2024-10-29 21:42:56.067,33.872155466947966,North-East,private
e10004ee-e5f6-4fa4-9d6c-b3d2daf35a1c,Vehicle-Charmi-123,2024-10-29 21:43:41.067,3.2025242275260313,North-East,private
"3ca3b6ee-2e9a-40b2-b0c0-72db18a64a38",Vehicle-Charmi-123,2024-10-29 21:44:29.067,2.1109708856300324,North-East,private
"8081b29f-57dd-4a09-963d-7773339ae277",Vehicle-Charmi-123,2024-10-29 21:45:08.067,27.802046514411124,North-East,private
aa2ddb92-527e-4289-9ed9-fe80e8967f1d,Vehicle-Charmi-123,2024-10-29 19:47:36.067,33.40928661052965,North-East,private
"0fdb9e23-7ba4-4ec3-91f9-1bf5206f7e79",Vehicle-Charmi-123,2024-10-29 19:48:14.067,3.9923566023046986,North-East,private
f2679153-b22f-4542-b346-752275e5f947,Vehicle-Charmi-123,2024-10-29 19:48:44.067,26.53420109963376,North-East,private
de06940a-27bb-4f0c-953e-7c5af439f09a,Vehicle-Charmi-123,2024-10-29 19:49:44.067,33.42833381465539,North-East,private
"022e7895-4548-4cfe-9c09-29ded02f3977",Vehicle-Charmi-123,2024-10-29 19:50:29.067,27.13572544996822,North-East,private
fda74a23-23c1-475b-af17-0b88ca51e48a,Vehicle-Charmi-123,2024-10-29 19:51:12.067,2.5334418599643893,North-East,private
"7a4fec94-099d-4294-9fc8-80e9fbc8c566",Vehicle-Charmi-123,2024-10-29 19:51:52.067,27.5296657385171,North-East,private
"1a931b67-5195-46ca-871b-8bf7820522cc",Vehicle-Charmi-123,2024-10-29 20:12:32.067,2.1755322371088592,North-East,private
"96e2118c-9f0e-471d-8f3a-cecd2a172e23",Vehicle-Charmi-123,2024-10-29 20:13:23.067,4.001802291016916,North-East,private
"2bcfced4-dba7-4291-bed1-f3bbf4bf1d9e",Vehicle-Charmi-123,2024-10-29 20:14:03.067,6.745580436239207,North-East,private
"41f97bb8-6c28-4efb-a22b-aee5d997e1bd",Vehicle-Charmi-123,2024-10-29 20:14:42.067,4.3533054518014636,North-East,private
e8742494-6855-47d8-a778-b94f1f0a8b09,Vehicle-Charmi-123,2024-10-29 20:15:39.067,1.2477692403323637,North-East,private
b1ba29c3-5114-4bf2-aede-68e89cc3bbe3,Vehicle-Charmi-123,2024-10-29 19:42:53.067,7.976570049124678,North-East,private
"548be11c-fdd4-4515-b700-692dea1a3798",Vehicle-Charmi-123,2024-10-29 19:43:32.067,15.342019052307748,North-East,private
"5a9d1a22-db44-48a5-83ed-f8f4b21b65a6",Vehicle-Charmi-123,2024-10-29 19:44:06.067,36.05535104578098,North-East,private
d0b09125-de7b-44ae-b892-319e284b2c73,Vehicle-Charmi-123,2024-10-29 19:44:52.067,14.66365805599394,North-East,private
"6ae6fb7f-0ce4-4ea2-9424-d4385c9a3f87",Vehicle-Charmi-123,2024-10-29 19:45:22.067,4.631593053572045,North-East,private
f0f36742-4b77-4746-bdf9-c81e23173d92,Vehicle-Charmi-123,2024-10-29 19:46:08.067,24.225373476960165,North-East,private
"3c0dbfc2-f73d-49f4-a350-25f0a5695f9e",Vehicle-Charmi-123,2024-10-29 19:47:04.067,8.066927599287578,North-East,private
ee69eef0-5e6d-4494-937c-b3e9b7794f7a,Vehicle-Charmi-123,2024-10-29 21:11:26.067,34.90805882976192,North-East,private
dc0a7b5f-eb39-4209-b2a8-c3b58d43452d,Vehicle-Charmi-123,2024-10-29 21:12:00.067,27.361945450337245,North-East,private
f4362925-a924-4966-b704-70bab743b5ea,Vehicle-Charmi-123,2024-10-29 21:13:00.067,7.365408634423489,North-East,private
"2d6068bb-675b-4943-863d-fcf6849452b0",Vehicle-Charmi-123,2024-10-29 21:13:58.067,29.53358449751024,North-East,private
"36d5bfc5-68ee-409d-97aa-b65dde4865d2",Vehicle-Charmi-123,2024-10-29 21:14:28.067,27.525651389308642,North-East,private
"9cabcf81-06be-43c0-aa2c-0cb3b4e4613e",Vehicle-Charmi-123,2024-10-29 21:15:22.067,37.01740332539639,North-East,private
f9946ad0-d496-49cb-a86c-8098e0bd6a1f,Vehicle-Charmi-123,2024-10-29 21:16:20.067,16.194670729701137,North-East,private
aaf91af5-8a80-4a44-b66b-6b7bcd713668,Vehicle-Charmi-123,2024-10-29 21:17:16.067,35.111197529982434,North-East,private
"5b0b240c-5f67-406f-9285-ff8f533ef146",Vehicle-Charmi-123,2024-10-29 21:17:55.067,11.436583537264813,North-East,private
"68e0b746-36bc-4c0a-9a9a-f68ff1bf487c",Vehicle-Charmi-123,2024-10-29 21:46:01.067,11.47262617491489,North-East,private
a15a0c90-72fe-4857-b9a8-848ff2ca88df,Vehicle-Charmi-123,2024-10-29 21:47:00.067,6.0454245385991445,North-East,private
"5669d7dc-d63b-4baa-a13e-6461e994eab8",Vehicle-Charmi-123,2024-10-29 21:47:49.067,6.166011940721932,North-East,private
ebb8610a-39be-4f38-88b2-b5d17f5c34d1,Vehicle-Charmi-123,2024-10-29 21:48:45.067,6.704015870098745,North-East,private
f7176ee3-bf1d-4044-a66a-7aa7f2e490ee,Vehicle-Charmi-123,2024-10-29 21:49:28.067,37.088901042136264,North-East,private
"96e096ea-f6bd-47dc-8d5f-b4f7bdb58e32",Vehicle-Charmi-123,2024-10-29 21:50:06.067,10.683512628768788,North-East,private
c512a7ff-843c-406c-ab30-a45d4dba5fcd,Vehicle-Charmi-123,2024-10-29 21:50:46.067,26.912074389599606,North-East,private
"3e0e3632-d7cb-4db9-b493-8b68a64ecb3b",Vehicle-Charmi-123,2024-10-29 20:03:29.067,23.535413606946207,North-East,private
"7ecf0e4d-cc4f-41f0-9c82-c74dd2361a1e",Vehicle-Charmi-123,2024-10-29 20:04:02.067,17.14031257602937,North-East,private
"80291436-e374-4c81-b93c-28301ecf750b",Vehicle-Charmi-123,2024-10-29 20:04:33.067,25.014666502359113,North-East,private
"949c12a1-6f82-46f4-9a82-18a7ed083c8d",Vehicle-Charmi-123,2024-10-29 20:05:28.067,16.637249750816867,North-East,private
"8b8540a0-cff1-4c65-a1cd-4bb196986a53",Vehicle-Charmi-123,2024-10-29 20:06:13.067,32.94753603700809,North-East,private
"8e1c067b-a2f1-4720-8f36-8c5f33110a5a",Vehicle-Charmi-123,2024-10-29 20:06:53.067,31.848263426121374,North-East,private
"9dbbc3ac-f2be-4e8d-b61a-56347813ef53",Vehicle-Charmi-123,2024-10-29 21:51:18.067,23.76554329890177,North-East,private
"5c3849e4-5cf6-4b99-8299-8bb4b6bd9c53",Vehicle-Charmi-123,2024-10-29 21:52:08.067,38.686620350113095,North-East,private
"80fb3f69-017a-43aa-96f6-0776a38209c0",Vehicle-Charmi-123,2024-10-29 21:53:02.067,6.478641265848664,North-East,private
"4ee2bd8a-df91-4b8c-81e0-7048bb0c3df4",Vehicle-Charmi-123,2024-10-29 21:54:01.067,15.705377810729196,North-East,private
"27715a2c-7754-43fc-98f0-5e737d770c3c",Vehicle-Charmi-123,2024-10-29 21:54:49.067,31.089486612642425,North-East,private
d62ceb77-9e7f-4dfa-9435-635ae0c6f653,Vehicle-Charmi-123,2024-10-29 21:55:37.067,28.304226082536896,North-East,private
"66f85046-47b9-442e-9570-0ce379cefe70",Vehicle-Charmi-123,2024-10-29 21:56:33.067,4.848146011604033,North-East,private
b638c88e-f4cc-4c77-8295-c3eaf556dce2,Vehicle-Charmi-123,2024-10-29 21:57:05.067,30.41812323525789,North-East,private
"200de8e9-1b4e-47d8-a3bd-99e69a15d498",Vehicle-Charmi-123,2024-10-29 21:57:37.067,17.519349973000338,North-East,private
c105f15c-2bc2-4ea5-860c-53f969a30db9,Vehicle-Charmi-123,2024-10-29 21:58:32.067,39.83334512007781,North-East,private
c4018ca8-539f-4cc6-890e-e8fcb3f70d18,Vehicle-Charmi-123,2024-10-29 21:59:19.067,23.173828492458355,North-East,private
eb5d643c-2d8a-45a9-9dfb-179aa2822590,Vehicle-Charmi-123,2024-10-29 21:59:49.067,1.9983198954648795,North-East,private
a5daa641-9846-43e9-852f-0576b74bae7a,Vehicle-Charmi-123,2024-10-29 22:00:26.067,8.105645604792674,North-East,private
"44e1dc4e-53bb-489c-88d9-5e64ccc82047",Vehicle-Charmi-123,2024-10-29 22:00:59.067,30.30200344775746,North-East,private
f1e8df29-0fe2-4d7a-8525-260f5ba60ce9,Vehicle-Charmi-123,2024-10-29 22:01:44.067,0.28895979506160074,North-East,private
f65444bc-9529-42de-bcab-fa9aa2235ee1,Vehicle-Charmi-123,2024-10-29 22:02:27.067,6.981957438748472,North-East,private
be8515d5-3dd8-4e21-b2ae-ed4268461673,Vehicle-Charmi-123,2024-10-29 22:03:03.067,21.207960837123238,North-East,private
b805ee57-57d5-4b72-8230-6dbd623a4eab,Vehicle-Charmi-123,2024-10-29 22:03:37.067,38.74295351251494,North-East,private
"9a6e8269-59b2-4ab7-a5e6-9f4af07fd5cc",Vehicle-Charmi-123,2024-10-29 22:04:35.067,1.7326993061366958,North-East,private
"3130f8ec-a239-4dd6-b0e1-13d504e27da1",Vehicle-Charmi-123,2024-10-29 22:05:11.067,35.93491027524619,North-East,private
f65b3099-5990-4795-93c8-df1f71a18b6c,Vehicle-Charmi-123,2024-10-29 22:05:42.067,5.797650878478633,North-East,private
"2f707076-b88e-4532-9981-a2c930c0cc6f",Vehicle-Charmi-123,2024-10-29 22:06:34.067,11.224166195542065,North-East,private
"77718b56-d429-4d1b-8d1b-53dbadabab43",Vehicle-Charmi-123,2024-10-29 22:07:23.067,23.124857834021995,North-East,private
d7110b75-124e-4fce-aade-9817025f4606,Vehicle-Charmi-123,2024-10-29 20:36:49.067,1.3025058813319212,North-East,private
ea1f10a3-e278-4319-8dcb-abad48cebb51,Vehicle-Charmi-123,2024-10-29 20:37:22.067,24.511123854470856,North-East,private
f0c1c892-90b2-43ce-a9f0-d83adba7d250,Vehicle-Charmi-123,2024-10-29 20:38:03.067,16.02370389688895,North-East,private
e3338d1f-8b1e-4ac7-99ee-1ad77e3b8bb1,Vehicle-Charmi-123,2024-10-29 20:38:58.067,5.981922290619317,North-East,private
f07f6dc4-74f1-441d-9f21-8fc423a82c56,Vehicle-Charmi-123,2024-10-29 20:39:45.067,1.9083721632963124,North-East,private
dcd3fc96-daaa-4bdc-b8c9-ad8e6d113e6a,Vehicle-Charmi-123,2024-10-29 20:40:32.067,10.308593018096769,North-East,private
de4e4de0-a261-4d32-9526-72b7a0dcbe1b,Vehicle-Charmi-123,2024-10-29 20:31:09.067,13.923809929929698,North-East,private
"580d18f0-e283-4170-875a-969c1e23c5f8",Vehicle-Charmi-123,2024-10-29 20:31:56.067,11.770072978724802,North-East,private
"0f2c2d47-03d0-4e72-915e-b5ca5a4202a8",Vehicle-Charmi-123,2024-10-29 20:32:56.067,27.263786930060515,North-East,private
f3ff139a-2b38-4c21-b109-f05f2be2e941,Vehicle-Charmi-123,2024-10-29 20:33:37.067,0.3889276685769971,North-East,private
"6ee440dc-8a7f-4f2c-985c-a887bfd4b99a",Vehicle-Charmi-123,2024-10-29 20:34:35.067,7.311378105616004,North-East,private
e760e0ac-8e4d-4092-bfc0-3a45faa73230,Vehicle-Charmi-123,2024-10-29 20:35:24.067,31.157539220657732,North-East,private
"4addfcd3-86ea-4cdd-a637-5f22b9a0e38c",Vehicle-Charmi-123,2024-10-29 20:36:04.067,39.414453172977936,North-East,private
"42392db3-f243-4ad3-be45-7d086c52d2ff",Vehicle-Charmi-123,2024-10-29 20:16:21.067,30.88579374241851,North-East,private
bb95c30d-c954-495d-972c-17ea786d39c3,Vehicle-Charmi-123,2024-10-29 20:17:10.067,30.288242850940428,North-East,private
b1223f25-655c-48f3-888c-45fed9619d31,Vehicle-Charmi-123,2024-10-29 20:17:47.067,14.777407417898974,North-East,private
bf6a8c1d-1121-45b5-a728-156c115adb2b,Vehicle-Charmi-123,2024-10-29 20:18:39.067,25.342679270996797,North-East,private
"67bed236-122a-475d-8d81-19319c340921",Vehicle-Charmi-123,2024-10-29 20:19:38.067,16.23368810203612,North-East,private
c78ee348-4fc7-4f10-8f89-ea00a520aa78,Vehicle-Charmi-123,2024-10-29 20:20:28.067,6.009616311462422,North-East,private
dae487fe-9158-4fe5-aeeb-aa281e359445,Vehicle-Charmi-123,2024-10-29 20:21:24.067,9.74681229685078,North-East,private
"39f62e42-ee31-4fce-9e30-3c0f0ca4cf21",Vehicle-Charmi-123,2024-10-29 20:22:06.067,22.54418809343061,North-East,private
"253f0a5e-ee09-40f8-b281-84bcefbabfd1",Vehicle-Charmi-123,2024-10-29 18:26:48.067,23.16571704149602,North-East,private
"00fe609d-3f22-4bec-b9c7-05315a82f8e3",Vehicle-Charmi-123,2024-10-29 18:27:48.067,29.58376362639534,North-East,private
c5d59c43-8cb7-4f4a-9344-2d636b4cde4b,Vehicle-Charmi-123,2024-10-29 18:28:20.067,26.72862173572611,North-East,private
fb04facf-989f-4681-b886-2c076902d5df,Vehicle-Charmi-123,2024-10-29 18:29:11.067,36.51005818939333,North-East,private
"537759c3-3cbd-4202-80b5-74ac0bff8552",Vehicle-Charmi-123,2024-10-29 18:30:02.067,37.58847651176851,North-East,private
"2a02568a-e06a-49c6-8f3f-e215e65c6483",Vehicle-Charmi-123,2024-10-29 18:31:02.067,22.600087297918762,North-East,private
"7e4fde7b-09a3-4474-af4e-4767b3fcc777",Vehicle-Charmi-123,2024-10-29 18:31:47.067,0.3780069061652247,North-East,private
"1d599367-1440-42cf-b126-d18e6526a8b9",Vehicle-Charmi-123,2024-10-29 18:32:39.067,19.02001150581093,North-East,private
"7e074a4c-7d61-4678-ac64-f8c973f533ea",Vehicle-Charmi-123,2024-10-29 18:33:13.067,28.508455997974387,North-East,private
"0a0b8b3e-4fec-42fd-bfee-bf2fa7a633e6",Vehicle-Charmi-123,2024-10-29 18:34:08.067,28.966542803772594,North-East,private
"4c660bbf-d797-4fda-bc0e-1e199a78b207",Vehicle-Charmi-123,2024-10-29 18:34:58.067,39.70343513803189,North-East,private
"26b30dab-6a5f-4350-844a-cdb94e3c1f6a",Vehicle-Charmi-123,2024-10-29 18:35:35.067,3.2815203869259424,North-East,private
fb538fed-6adc-438b-94c2-d75c763b96eb,Vehicle-Charmi-123,2024-10-29 18:36:09.067,17.239180639041564,North-East,private
e55e7adf-a17d-46e0-92ec-65c9da37a2c5,Vehicle-Charmi-123,2024-10-29 18:37:03.067,36.04544179425732,North-East,private
eb59acef-2744-45cb-8be8-ba1a59038785,Vehicle-Charmi-123,2024-10-29 18:37:46.067,11.990090156862529,North-East,private
"3a6946c6-80db-450b-bfe4-b63ee299f1cf",Vehicle-Charmi-123,2024-10-29 18:38:46.067,33.664535468874035,North-East,private
a9a1fa2d-d092-49c9-9533-dc63600a6722,Vehicle-Charmi-123,2024-10-29 18:39:38.067,12.567331247817656,North-East,private
bc51a1dd-66b3-4ddc-9657-27cd14a9edfd,Vehicle-Charmi-123,2024-10-29 18:40:20.067,37.28268610353783,North-East,private
c98f5497-abcd-48fa-953b-c5da0e2c79ea,Vehicle-Charmi-123,2024-10-29 18:40:52.067,31.826273439838175,North-East,private
bb26aef0-9f52-44b5-b4ad-168767090e96,Vehicle-Charmi-123,2024-10-29 18:41:37.067,21.374696048084687,North-East,private
"4628f69b-f48b-4623-a9dc-fb9c2fc650ec",Vehicle-Charmi-123,2024-10-29 18:42:28.067,25.879993919336172,North-East,private
"7926ca88-edf4-4811-86c8-272a788555b0",Vehicle-Charmi-123,2024-10-29 18:43:15.067,23.009415930817045,North-East,private
e46c9dbf-9d52-455d-bbab-fe1ad1d94872,Vehicle-Charmi-123,2024-10-29 18:44:15.067,33.25270978828554,North-East,private
cd884dd8-93b3-4522-90d9-b2c2f42a703d,Vehicle-Charmi-123,2024-10-29 18:44:55.067,1.7873221070128453,North-East,private
"33d5b6a9-e38c-4a84-b39b-285e1ae2beb3",Vehicle-Charmi-123,2024-10-29 18:45:38.067,9.274221896456414,North-East,private
bf84e98f-855f-4646-9759-410a8ecb7342,Vehicle-Charmi-123,2024-10-29 18:46:30.067,11.133793220617022,North-East,private
"6c3213a3-1f44-488f-a9f6-fc9f2afbfcc9",Vehicle-Charmi-123,2024-10-29 19:24:48.067,26.42391570851894,North-East,private
"742df888-71b1-455b-98cd-f75a54022c81",Vehicle-Charmi-123,2024-10-29 19:25:39.067,19.213135898016333,North-East,private
eeae004a-1288-455d-8892-3df30b595993,Vehicle-Charmi-123,2024-10-29 19:26:17.067,21.765041168787214,North-East,private
"35418cea-a04d-4bbd-ba8f-fc8b9a49ad0c",Vehicle-Charmi-123,2024-10-29 19:27:09.067,3.4282924735966835,North-East,private
"8b3a1124-f094-481e-94b6-d1359e9379f2",Vehicle-Charmi-123,2024-10-29 19:28:08.067,35.26615477670491,North-East,private
"8767a57a-a595-49d5-987d-e6089b917666",Vehicle-Charmi-123,2024-10-29 19:28:43.067,6.686591497708818,North-East,private
"65ac8ab3-6e37-4597-9eb4-5f7e929e91de",Vehicle-Charmi-123,2024-10-29 19:29:38.067,15.523966120590028,North-East,private
bee8edab-e531-4c37-a936-0368c22d0161,Vehicle-Charmi-123,2024-10-29 19:03:27.067,36.985110173965566,North-East,private
"3c02d7f0-5512-4f68-821f-c4e1e164b618",Vehicle-Charmi-123,2024-10-29 19:04:13.067,32.900274908770776,North-East,private
"17221f0b-26af-4f56-ad0c-7f72cd56dfaf",Vehicle-Charmi-123,2024-10-29 19:04:45.067,39.002023511127135,North-East,private
ea2f02a2-3612-480f-a677-40216e1bc6e6,Vehicle-Charmi-123,2024-10-29 19:05:33.067,4.613344141365414,North-East,private
cd446430-3255-4cb2-9f4d-1ff107299269,Vehicle-Charmi-123,2024-10-29 19:06:04.067,36.55790678084516,North-East,private
"4a01db8c-879e-4b6d-8632-a8b78d3aba5d",Vehicle-Charmi-123,2024-10-29 19:06:35.067,32.173520778350266,North-East,private
fbb4ae62-3d57-4353-a56b-5a797ad58382,Vehicle-Charmi-123,2024-10-29 19:07:11.067,31.38028869149366,North-East,private
"813208b6-a9c0-4477-93d6-67d6adcbff3a",Vehicle-Charmi-123,2024-10-29 19:07:41.067,13.856947909576247,North-East,private
"00ec803d-12c4-4101-9c48-0da9bda4af5e",Vehicle-Charmi-123,2024-10-29 19:08:24.067,2.3958030261275853,North-East,private
"78f8dc98-4a2b-414a-a288-bd9a5c721bfa",Vehicle-Charmi-123,2024-10-29 19:08:57.067,25.48862720130768,North-East,private
cc5c92de-5d57-4d47-99f9-2ec80a4c8d7a,Vehicle-Charmi-123,2024-10-29 19:38:38.067,16.742627443253664,North-East,private
"13e23643-3d00-4833-89bc-6439770be0a7",Vehicle-Charmi-123,2024-10-29 19:39:24.067,6.79946656246146,North-East,private
"8b47c375-8296-4917-b4ab-e1c3df55e407",Vehicle-Charmi-123,2024-10-29 19:40:14.067,14.211335844793297,North-East,private
"16ec39e4-cca8-49ff-86c1-eb73d00b660f",Vehicle-Charmi-123,2024-10-29 19:41:02.067,24.8261878106641,North-East,private
"3852a179-71ae-4f34-b353-27f58c5e9bba",Vehicle-Charmi-123,2024-10-29 19:41:45.067,35.71380493242172,North-East,private
a0e4ca7c-9f43-4cb8-b827-ec6d3aad7bbd,Vehicle-Charmi-123,2024-10-29 19:42:23.067,30.941690852822585,North-East,private
"47b70d89-c991-472e-83ba-2d814825a2d3",Vehicle-Charmi-123,2024-10-29 20:07:43.067,20.55578800509734,North-East,private
b9dd73c1-27bf-4b37-9464-da54ad2af834,Vehicle-Charmi-123,2024-10-29 20:08:16.067,33.14994683943476,North-East,private
fff30b2a-94ea-4577-a64f-10ac886c93f5,Vehicle-Charmi-123,2024-10-29 20:08:51.067,22.32336821271243,North-East,private
"23801b5f-65e7-4423-a06b-49875905ffaf",Vehicle-Charmi-123,2024-10-29 20:09:21.067,24.733974356424085,North-East,private
"19d82d40-433d-4ac8-a63c-72fc341620dd",Vehicle-Charmi-123,2024-10-29 20:10:03.067,26.42892659628962,North-East,private
"402903d0-8a01-4e8e-a50f-20e174d74718",Vehicle-Charmi-123,2024-10-29 20:10:58.067,25.917624346354753,North-East,private
d87e0bae-99d7-4f0b-ac1d-b80ba3bf2957,Vehicle-Charmi-123,2024-10-29 20:11:37.067,29.657219321592557,North-East,private
"4c999bba-c987-498c-b9f7-5655d32c40e7",Vehicle-Charmi-123,2024-10-29 19:14:46.067,1.0425187107555756,North-East,private
e2f6086b-c59b-450e-9f0f-f5aaba0690af,Vehicle-Charmi-123,2024-10-29 19:15:21.067,26.274576855049368,North-East,private
"0591a26c-d277-408b-88e9-54280af43e31",Vehicle-Charmi-123,2024-10-29 19:15:56.067,23.70078036725651,North-East,private
"7f430e58-42dc-41c9-b4a3-af8909c35126",Vehicle-Charmi-123,2024-10-29 19:16:51.067,19.68906895581621,North-East,private
"7131f9be-05c4-47b0-8bba-2147590ba8f7",Vehicle-Charmi-123,2024-10-29 19:17:46.067,28.677505307632643,North-East,private
"69972eee-ea92-4960-96ce-193eae49a721",Vehicle-Charmi-123,2024-10-29 19:18:46.067,23.440666526863623,North-East,private
"4dad9105-da81-4172-817c-04d8e0f3e9ae",Vehicle-Charmi-123,2024-10-29 20:56:40.067,1.272685995999625,North-East,private
c7eb7fec-34ad-4ad0-865e-598f5fa33572,Vehicle-Charmi-123,2024-10-29 20:57:39.067,26.229974475921836,North-East,private
e3312cbf-3bfa-422f-9e7c-d64a308caca0,Vehicle-Charmi-123,2024-10-29 20:58:28.067,1.626126090973714,North-East,private
d186b8cf-e7d5-410c-b1d4-eae11f5131db,Vehicle-Charmi-123,2024-10-29 20:59:05.067,37.90013378229674,North-East,private
"4fc568c1-2ba3-4366-af14-68f56b6d502e",Vehicle-Charmi-123,2024-10-29 20:59:47.067,26.301275240831508,North-East,private
c13ff590-3df0-4915-81cc-3c6e93f94350,Vehicle-Charmi-123,2024-10-29 21:00:40.067,9.628902245505063,North-East,private
"12529c69-f383-42e0-a094-ee69851dc139",Vehicle-Charmi-123,2024-10-29 22:08:16.067,34.90393884380286,North-East,private
e020cc58-b99d-42c8-8442-a1e4ad4f0b7f,Vehicle-Charmi-123,2024-10-29 22:09:01.067,20.168653140551015,North-East,private
"4543dcf0-082b-4ce5-b942-7f909741568f",Vehicle-Charmi-123,2024-10-29 22:09:54.067,8.720259407970904,North-East,private
e31a1356-1f54-4ca9-bf1f-d015de20b052,Vehicle-Charmi-123,2024-10-29 22:10:28.067,16.214414890094318,North-East,private
"2fedd474-37ad-46dc-9ef6-2d19d8c3dae5",Vehicle-Charmi-123,2024-10-29 22:11:22.067,37.84381974116005,North-East,private
"8610b8d5-248a-4461-b9cd-f77696d67025",Vehicle-Charmi-123,2024-10-29 22:12:03.067,1.6349733965310875,North-East,private
"54bb6532-4e10-4474-afa9-88b7715f9670",Vehicle-Charmi-123,2024-10-29 22:12:57.067,38.364149243487006,North-East,private
"7d9f8098-6ea9-4ec6-82b1-791b16f7aca6",Vehicle-Charmi-123,2024-10-29 22:13:43.067,4.908377370287131,North-East,private
d4362070-8e94-4573-8053-e5c78d75d194,Vehicle-Charmi-123,2024-10-29 22:14:15.067,7.15247282039305,North-East,private
fd5d36b3-f95d-490d-adac-89b943820140,Vehicle-Charmi-123,2024-10-29 22:15:02.067,18.956196709483933,North-East,private
"18c3ad5f-ac99-4ceb-8c58-98e966500f09",Vehicle-Charmi-123,2024-10-29 22:15:52.067,19.445935664581434,North-East,private
"91a0f947-8f63-4f1a-b84a-6abe1438075c",Vehicle-Charmi-123,2024-10-29 22:16:46.067,5.933533416128425,North-East,private
ba87e235-ae9d-4d7d-a536-d1cd3bc042a5,Vehicle-Charmi-123,2024-10-29 22:17:26.067,17.63554551017499,North-East,private
f203551e-fd42-4bde-bb41-81735aebc616,Vehicle-Charmi-123,2024-10-29 22:18:05.067,0.9970082058198226,North-East,private
"8dcbeca2-eb86-4bfc-ad84-11ed297ac095",Vehicle-Charmi-123,2024-10-29 22:19:03.067,37.76038102929641,North-East,private
"817a1f70-e98c-45cf-b614-e6bb01edc332",Vehicle-Charmi-123,2024-10-29 22:19:50.067,0.9918237929433316,North-East,private
"699d6a12-e833-4467-be11-c7ddfd93376e",Vehicle-Charmi-123,2024-10-29 22:20:26.067,21.536491766408496,North-East,private
a1120f45-fa0f-4923-b13c-be3324dc8a89,Vehicle-Charmi-123,2024-10-29 22:21:00.067,17.105619123467793,North-East,private
"9b25f4cd-ba5d-48af-a60f-2b13b4110936",Vehicle-Charmi-123,2024-10-29 22:21:43.067,11.54536073320816,North-East,private
"21427419-2d82-485a-885a-9c2c38a4b136",Vehicle-Charmi-123,2024-10-29 22:22:29.067,2.6446312466719712,North-East,private
"912b6c05-9993-491e-bc27-02b13e4a936e",Vehicle-Charmi-123,2024-10-29 22:23:03.067,33.291348928740476,North-East,private
"530c5d6f-ab4e-4e01-b9a3-c05a3c2ea6a7",Vehicle-Charmi-123,2024-10-29 22:23:37.067,38.24106384532308,North-East,private
"7e986ade-0c7a-4be4-9cad-23ebe2696fe7",Vehicle-Charmi-123,2024-10-29 22:24:09.067,14.470380419810343,North-East,private
f6491703-a415-4ae8-832b-0edd081f7c0a,Vehicle-Charmi-123,2024-10-29 22:25:06.067,23.266179877075672,North-East,private
"8219ac9c-883c-4033-8c15-6791e4917de1",Vehicle-Charmi-123,2024-10-29 22:25:56.067,20.55465972239221,North-East,private
"32eca72a-edf1-4765-b622-0a174f7a267a",Vehicle-Charmi-123,2024-10-29 22:26:37.067,23.201865658649613,North-East,private
"4fadb2ca-9924-4afd-93e1-4e2c971e0de5",Vehicle-Charmi-123,2024-10-29 22:27:33.067,35.882269310550456,North-East,private
"9077f161-9628-4094-85d4-e1d7925c781b",Vehicle-Charmi-123,2024-10-29 18:47:15.067,25.564343426646023,North-East,private
"040539c1-6c6e-46db-8364-eea9b49271d2",Vehicle-Charmi-123,2024-10-29 18:47:52.067,7.32178073325934,North-East,private
ec8a768b-e83d-45d1-b0e2-723a09c09bdf,Vehicle-Charmi-123,2024-10-29 18:48:26.067,33.67940856546192,North-East,private
fd60d64d-df57-46db-b02c-230d70f20179,Vehicle-Charmi-123,2024-10-29 18:49:18.067,19.547980477587426,North-East,private
aa51523d-5b49-4964-8ae9-7b53098795a8,Vehicle-Charmi-123,2024-10-29 18:50:12.067,21.989047381522052,North-East,private
"19896fbc-2b43-45b1-bba0-90f00ed71935",Vehicle-Charmi-123,2024-10-29 18:50:45.067,26.14686809520289,North-East,private
"734d82c4-b3f7-4b68-bab8-5ef555195d76",Vehicle-Charmi-123,2024-10-29 18:51:37.067,28.43015837975198,North-East,private
e5207931-7acf-4e0b-a1b9-240bb6dfb040,Vehicle-Charmi-123,2024-10-29 18:52:12.067,28.162150470207543,North-East,private
"502cb553-895f-4c73-93a8-c136bf18cece",Vehicle-Charmi-123,2024-10-29 18:53:09.067,28.05706109585726,North-East,private
"42ecbce8-4fa9-4210-a298-b0200e2910e5",Vehicle-Charmi-123,2024-10-29 18:53:52.067,3.0206509332739584,North-East,private
e1f7f7eb-0cc2-46e1-9f3a-c4d70a0b4706,Vehicle-Charmi-123,2024-10-29 18:54:46.067,3.725666323581911,North-East,private
"012f8fc1-9b5e-46b9-bd81-15f1d06f8e07",Vehicle-Charmi-123,2024-10-29 18:55:26.067,5.223770012301832,North-East,private
d99298d2-4853-45f9-bba4-8adf0e00a129,Vehicle-Charmi-123,2024-10-29 18:56:10.067,39.67352955282681,North-East,private
"5b0c72d4-45e8-4773-a664-127670e3ba9f",Vehicle-Charmi-123,2024-10-29 18:57:08.067,2.0714910019461996,North-East,private
"25c56958-d5fa-41e2-8684-2b30af803def",Vehicle-Charmi-123,2024-10-29 18:57:52.067,27.82388429152195,North-East,private
"1dff1ef3-75af-4849-b149-1173e62f09d8",Vehicle-Charmi-123,2024-10-29 18:58:26.067,32.534716949807944,North-East,private
a9c3e1ba-5af6-4042-94b6-65504559514a,Vehicle-Charmi-123,2024-10-29 18:59:09.067,17.69535477756337,North-East,private
"3bc7cdaa-2b35-4991-8677-96141ff0de9e",Vehicle-Charmi-123,2024-10-29 18:59:59.067,22.135865271389203,North-East,private
d2568d0f-4561-4108-8320-43d8429169c2,Vehicle-Charmi-123,2024-10-29 19:00:52.067,25.846790985634662,North-East,private
"66793399-52bb-4490-8610-53a8643d2347",Vehicle-Charmi-123,2024-10-29 19:01:26.067,33.55893211614501,North-East,private
"4ed8fce7-9430-4a83-bb07-e886cb5041f5",Vehicle-Charmi-123,2024-10-29 19:01:57.067,15.91900095540601,North-East,private
"209baa7b-3ff9-423c-a182-48bf1759519f",Vehicle-Charmi-123,2024-10-29 19:02:56.067,32.32240323882613,North-East,private
ec3e1058-a8db-4081-8a2c-4c9f3e0b599a,Vehicle-Charmi-123,2024-10-29 22:28:07.067,35.58905541526727,North-East,private
"989604d8-4633-49a3-9117-31b003a2f4df",Vehicle-Charmi-123,2024-10-29 22:28:43.067,3.144198484660703,North-East,private
"1acc4a26-3b7f-4a19-9f65-b1ba71901e7b",Vehicle-Charmi-123,2024-10-29 22:29:14.067,36.341171936098476,North-East,private
"5bdbf0aa-fdac-4567-bdc8-20b3a7397412",Vehicle-Charmi-123,2024-10-29 22:29:46.067,29.847920519663383,North-East,private
"0b46a9aa-9533-41da-9b0c-18cd30e9aaae",Vehicle-Charmi-123,2024-10-29 22:30:16.067,28.63246536002979,North-East,private
a73a5b14-02af-4ab2-ac8e-88dcea85a67e,Vehicle-Charmi-123,2024-10-29 22:31:00.067,4.292980188384212,North-East,private
ff2ba175-4bac-4d92-a5d0-e8caf7d03b1e,Vehicle-Charmi-123,2024-10-29 22:31:45.067,28.189236607632413,North-East,private
bc2e3769-1711-40f8-b764-dd49be4dbbfc,Vehicle-Charmi-123,2024-10-29 22:32:42.067,34.270949980500085,North-East,private
"3924347c-041b-474c-b421-cb64111dfff9",Vehicle-Charmi-123,2024-10-29 22:33:14.067,15.792458474822126,North-East,private
"00a860fd-51c2-431a-856b-463896588a94",Vehicle-Charmi-123,2024-10-29 22:33:56.067,33.52436525365835,North-East,private
"9274ee06-fb8d-430d-8c83-e4bcf0b6040f",Vehicle-Charmi-123,2024-10-29 22:34:38.067,20.45658060279209,North-East,private
"67fa7847-6b95-4097-b1c1-3b56d412a295",Vehicle-Charmi-123,2024-10-29 19:30:26.067,30.335095514306918,North-East,private
"4b46af5f-7c36-4a8b-942e-92e4b755234b",Vehicle-Charmi-123,2024-10-29 19:31:14.067,1.4986268199085373,North-East,private
b508e2de-9e24-4dd7-a44b-9936fdcd12e3,Vehicle-Charmi-123,2024-10-29 19:31:52.067,0.8093155437308752,North-East,private
ea960c3b-2469-48d9-bcbc-7d30c0f8a544,Vehicle-Charmi-123,2024-10-29 19:32:46.067,10.776799240350545,North-East,private
"34203a40-e9c2-4eaf-ae3b-c96028847df5",Vehicle-Charmi-123,2024-10-29 19:33:21.067,28.38277593457558,North-East,private
a8325005-449b-4b9f-8a7c-51b9b33fd37b,Vehicle-Charmi-123,2024-10-29 19:33:57.067,32.940251667564645,North-East,private
"8baf23e0-2931-4575-b4c7-a370aaaf14d3",Vehicle-Charmi-123,2024-10-29 20:22:40.067,32.818127205219895,North-East,private
"875c5195-d9fa-4422-857a-4ea33bb68ead",Vehicle-Charmi-123,2024-10-29 20:23:10.067,34.38366768042422,North-East,private
fbb4110f-6a43-48c8-a110-5ad5f9feb453,Vehicle-Charmi-123,2024-10-29 20:24:04.067,19.289637404499235,North-East,private
ada96317-ad6f-4eaa-bc84-c8f6438d06d8,Vehicle-Charmi-123,2024-10-29 20:25:04.067,31.58222340603818,North-East,private
"39d8f133-fcb7-4f45-a465-c77a883bef68",Vehicle-Charmi-123,2024-10-29 20:25:42.067,28.365953488244315,North-East,private
d37b7428-7bcb-481e-8e2a-9e593d0fcf37,Vehicle-Charmi-123,2024-10-29 20:26:30.067,34.19907705071714,North-East,private
d2f8a8dd-1e31-4850-a1c8-5cb4fd1b47a6,Vehicle-Charmi-123,2024-10-29 19:52:41.067,25.735948662272516,North-East,private
"03bd7f68-7b59-4ef6-aa91-f65e5b14c9d3",Vehicle-Charmi-123,2024-10-29 19:53:18.067,15.145503700756127,North-East,private
"8a413181-f33c-4398-9c7e-4c0b4145f3b5",Vehicle-Charmi-123,2024-10-29 19:54:08.067,16.137586358886523,North-East,private
"9822b89f-f1fb-4b6a-804d-f534d41293b1",Vehicle-Charmi-123,2024-10-29 19:54:48.067,2.1710085322227135,North-East,private
"166cffaa-6123-4739-b0b3-8a6dd8bfa176",Vehicle-Charmi-123,2024-10-29 19:55:25.067,14.205559143389426,North-East,private
f19af0fd-c763-47dd-ab27-2758a2ae4c15,Vehicle-Charmi-123,2024-10-29 19:56:08.067,24.43407064554735,North-East,private
"4e1bc908-1a0e-456d-a9e4-96ca9b10b664",Vehicle-Charmi-123,2024-10-29 22:35:10.067,1.069955519459409,North-East,private
ca5b3dad-9dfe-48a5-b826-d985f35e2a05,Vehicle-Charmi-123,2024-10-29 22:36:01.067,20.191790241499326,North-East,private
ce47043c-4b92-4abf-9561-8825d7d8e9b8,Vehicle-Charmi-123,2024-10-29 22:36:45.067,7.074766921003621,North-East,private
ada422ae-acca-4057-ace7-f6a5b25cf79b,Vehicle-Charmi-123,2024-10-29 22:37:30.067,27.414966684398763,North-East,private
"92d46a55-a6dc-4bb3-b028-8d110a9b4411",Vehicle-Charmi-123,2024-10-29 22:38:09.067,1.125879463691537,North-East,private
a69d2af1-47e4-4622-b66d-2079a22a3a41,Vehicle-Charmi-123,2024-10-29 22:38:50.067,2.2579698745131482,North-East,private
a611ab30-9e12-4788-b6a6-4eef30fc08ae,Vehicle-Charmi-123,2024-10-29 22:39:30.067,26.310711462309513,North-East,private
"5aa2a506-9f8d-4eab-afda-88627abfbf84",Vehicle-Charmi-123,2024-10-29 22:40:15.067,27.004451813074443,North-East,private
"611e18ee-2c1f-421a-ba80-d22558eeb8d1",Vehicle-Charmi-123,2024-10-29 22:41:03.067,9.035439081362568,North-East,private
aa92eba1-6f5d-4731-9fcc-a39122c8028a,Vehicle-Charmi-123,2024-10-29 22:41:35.067,12.073880584430551,North-East,private
d8987881-3a2f-46e5-957a-2787f805fd4f,Vehicle-Charmi-123,2024-10-29 22:42:33.067,28.133265827960997,North-East,private
b6b832ea-af73-4a6e-99c8-70722c847540,Vehicle-Charmi-123,2024-10-29 22:43:04.067,14.570986766364182,North-East,private
"3db59ebe-2e3d-44e6-95a0-bc76bf691275",Vehicle-Charmi-123,2024-10-29 22:43:43.067,10.257865395204693,North-East,private
"1cf80e20-b29e-419a-88f7-ff7b42af572a",Vehicle-Charmi-123,2024-10-29 22:44:26.067,1.4801493889065087,North-East,private
c5bf7ffb-8e08-4bd2-9c73-2566b7266501,Vehicle-Charmi-123,2024-10-29 22:45:24.067,24.063989608877648,North-East,private
f6019264-25a9-41b2-a723-c701e6203562,Vehicle-Charmi-123,2024-10-29 22:46:23.067,26.568685421044105,North-East,private
"6fcd893b-8cde-43ef-b04d-1b0f6ea6fb4e",Vehicle-Charmi-123,2024-10-29 22:47:18.067,9.437523166984345,North-East,private
"24dfd899-d2c4-4ba9-838d-159f706541b6",Vehicle-Charmi-123,2024-10-29 22:48:18.067,21.829801328117043,North-East,private
d3365cf5-2392-4f76-8937-72eda2382815,Vehicle-Charmi-123,2024-10-29 22:49:07.067,29.577988583512138,North-East,private
f38302d4-95b3-4afe-892b-b64142371184,Vehicle-Charmi-123,2024-10-29 22:49:54.067,34.305885565997,North-East,private
f0afbedf-8d44-4660-8b65-75e3ffc56a70,Vehicle-Charmi-123,2024-10-29 22:50:53.067,12.68737431748725,North-East,private
c932809e-e007-4154-808c-58a608101949,Vehicle-Charmi-123,2024-10-29 22:51:33.067,35.070449089570694,North-East,private
"8c2678fa-69e4-40cf-8dfd-eb26f7a8b250",Vehicle-Charmi-123,2024-10-29 22:52:04.067,7.3495848864782864,North-East,private
c2e3041e-acdd-49be-8f6c-3a1a0231504b,Vehicle-Charmi-123,2024-10-29 22:52:58.067,30.52650813165097,North-East,private
"39bae17b-5ba9-4e19-8842-6c4b087b4523",Vehicle-Charmi-123,2024-10-29 22:53:53.067,3.375958029775745,North-East,private
"7142080a-9861-4a7a-a175-fb51dcf67ae8",Vehicle-Charmi-123,2024-10-29 22:54:29.067,34.07323484681724,North-East,private
"69f8d1c0-625f-4f23-aef0-464da19c1ca4",Vehicle-Charmi-123,2024-10-29 22:55:23.067,18.148314603345824,North-East,private
b22ddd49-8ac6-4add-ace3-dcd654e2db80,Vehicle-Charmi-123,2024-10-29 22:56:06.067,24.00331145988899,North-East,private
"8965ea03-f8bf-46b5-b401-312eb6354b8f",Vehicle-Charmi-123,2024-10-29 22:56:50.067,14.785509581238948,North-East,private
e7f3fc95-89ae-46f4-a5c2-0fac47647b31,Vehicle-Charmi-123,2024-10-29 22:57:43.067,2.9222247288463743,North-East,private
"5690a73d-a703-4a3a-8253-bd024d36fda2",Vehicle-Charmi-123,2024-10-29 22:58:25.067,15.78787257410944,North-East,private
"4604f7fc-4e0b-47a9-abe1-32f4875840ee",Vehicle-Charmi-123,2024-10-29 22:59:08.067,4.673682246586561,North-East,private
b8dcad68-d003-4dea-a831-8c24c128a778,Vehicle-Charmi-123,2024-10-29 23:00:04.067,10.550317620328865,North-East,private
"9fb1a76e-8797-41de-a21c-1021c2966236",Vehicle-Charmi-123,2024-10-29 23:00:39.067,10.408958543406413,North-East,private
ea79db2f-8e4c-4d4d-acfd-f894e6cc6374,Vehicle-Charmi-123,2024-10-29 23:01:32.067,4.9461693613542,North-East,private
"77a090b7-25bd-4163-b861-1acad7d43c6f",Vehicle-Charmi-123,2024-10-29 23:02:18.067,7.222753887301381,North-East,private
ab4a4c79-d882-498d-a537-64902a3ae59b,Vehicle-Charmi-123,2024-10-29 23:02:51.067,6.151018747351915,North-East,private
b1dc6104-30ec-4782-a7a8-8216870f90f1,Vehicle-Charmi-123,2024-10-29 23:03:44.067,31.881338527547847,North-East,private
"4ea001e8-b5a5-4e3d-9293-1b4afb5a76e1",Vehicle-Charmi-123,2024-10-29 23:04:21.067,34.62062042919315,North-East,private
b29be419-1a5f-4191-a30d-983138c51a7b,Vehicle-Charmi-123,2024-10-29 23:05:14.067,12.404052288453062,North-East,private
"7f3a4320-0daa-45d6-acd7-a7bfe5bf1326",Vehicle-Charmi-123,2024-10-29 23:05:57.067,16.90145397513937,North-East,private
"6ff840b9-e632-4375-9643-5b1f88b70dae",Vehicle-Charmi-123,2024-10-29 23:06:56.067,25.182383253343517,North-East,private
b547a353-0e3c-4338-85aa-a500ebd3520a,Vehicle-Charmi-123,2024-10-29 23:07:35.067,22.03977318898812,North-East,private
"79f03917-5819-407b-8096-24552b87b5d8",Vehicle-Charmi-123,2024-10-29 23:08:21.067,29.62064673351595,North-East,private
afb1f296-3420-48bc-be7f-4863fc40f49e,Vehicle-Charmi-123,2024-10-29 23:09:16.067,38.668785070810294,North-East,private
"3f9c7fa8-c647-4ce8-b331-7afe69587700",Vehicle-Charmi-123,2024-10-29 23:09:49.067,26.232038878536184,North-East,private
"64956789-3197-4141-a190-3a2d552facb7",Vehicle-Charmi-123,2024-10-29 23:10:40.067,12.106266345869043,North-East,private
"68678edc-8a4b-4181-af05-0c5ad2a0e48e",Vehicle-Charmi-123,2024-10-29 23:11:17.067,25.042366045173807,North-East,private
"33e8274d-e611-4801-aae7-3d6d3d599454",Vehicle-Charmi-123,2024-10-29 23:12:01.067,18.859567946084667,North-East,private
d0dece12-8f2d-4be2-a4cd-34fdf057b344,Vehicle-Charmi-123,2024-10-29 23:12:44.067,29.483132534820218,North-East,private
a6b790c1-59d4-4634-b775-7a0e3f0b031d,Vehicle-Charmi-123,2024-10-29 23:13:27.067,22.13022740587907,North-East,private
"1415fe2c-4412-4c42-8f44-17236844fe81",Vehicle-Charmi-123,2024-10-29 23:14:03.067,17.52442754271719,North-East,private
"14f8aeab-2e54-4532-ae5e-07bd9916f502",Vehicle-Charmi-123,2024-10-29 23:14:54.067,14.410222707978683,North-East,private
"7d9b37cf-e2ab-4240-9531-37bcad0a2e68",Vehicle-Charmi-123,2024-10-29 23:15:27.067,37.72218793444849,North-East,private
"40a7fa28-eafe-47aa-8d37-215a5ee53196",Vehicle-Charmi-123,2024-10-29 23:16:13.067,2.5466234498425555,North-East,private
c33697d5-7db3-4fec-86b3-ef8b12c0e421,Vehicle-Charmi-123,2024-10-29 23:17:11.067,27.605423293619058,North-East,private
fe7177e4-7c5f-4032-9781-13b330f47f14,Vehicle-Charmi-123,2024-10-29 23:18:08.067,32.94440912081983,North-East,private
b5d71987-9f89-4a70-b101-8fc0f7ce734d,Vehicle-Charmi-123,2024-10-29 23:19:05.067,25.883718837421206,North-East,private
"9fed473d-2e7b-4c48-a22f-bed03b048fc6",Vehicle-Charmi-123,2024-10-29 23:19:44.067,3.409354467992669,North-East,private
"6f41826e-2903-4b58-9910-76c218e2023d",Vehicle-Charmi-123,2024-10-29 23:20:43.067,18.350122556638876,North-East,private
"2a6be9e6-1915-48bc-8b91-e158a96cb0d0",Vehicle-Charmi-123,2024-10-29 23:21:37.067,2.458733139415461,North-East,private
"7ef67307-484d-462b-ad02-9d306db7bd7f",Vehicle-Charmi-123,2024-10-29 23:22:29.067,12.172920918926904,North-East,private
c84c6c46-e74d-4603-a27a-ed8635743cf9,Vehicle-Charmi-123,2024-10-29 23:23:18.067,26.081483495874348,North-East,private
"722cd24f-4480-4b75-9ec4-cccdee3584d9",Vehicle-Charmi-123,2024-10-29 23:23:54.067,22.071434054449917,North-East,private
"324fbff9-0c59-4174-9fb9-e0c5ac53525e",Vehicle-Charmi-123,2024-10-29 23:24:25.067,10.390258320268849,North-East,private
ff7fc644-4044-4e90-aa87-6059e3db176f,Vehicle-Charmi-123,2024-10-29 23:25:18.067,22.623889063193534,North-East,private
"56de62f1-eb25-4f7e-97cd-4d9833234c89",Vehicle-Charmi-123,2024-10-29 23:25:58.067,7.702210492742871,North-East,private
"64fd4926-c58e-45f8-b691-929e411a940b",Vehicle-Charmi-123,2024-10-29 23:26:42.067,27.072897710280298,North-East,private
"5fe31031-423f-47f8-ac44-959da88dbe05",Vehicle-Charmi-123,2024-10-29 23:27:16.067,18.308512010987155,North-East,private
"6d003bda-be97-45cb-98c9-fbd2b1ec7823",Vehicle-Charmi-123,2024-10-29 23:28:13.067,4.83465712356149,North-East,private
cade3f02-2baf-450e-9504-56213ce234f9,Vehicle-Charmi-123,2024-10-29 23:29:08.067,1.9460418632092003,North-East,private
cd68490c-0869-4a18-bf35-dfb856c3505d,Vehicle-Charmi-123,2024-10-29 23:29:56.067,18.09497711070993,North-East,private
"9aefe7b2-4d56-4715-bcc4-667c62107305",Vehicle-Charmi-123,2024-10-29 23:30:30.067,13.008651461993148,North-East,private
a6780465-cf4f-400b-b747-f2221ecdd5e4,Vehicle-Charmi-123,2024-10-29 23:31:22.067,25.20436847095453,North-East,private
d3707346-4185-4a2a-b3c6-9737cb6fa3cf,Vehicle-Charmi-123,2024-10-29 23:32:16.067,35.87457120974781,North-East,private
bf51d1b7-2eb4-4e82-bb96-716dfc812446,Vehicle-Charmi-123,2024-10-29 23:32:56.067,1.799345758996318,North-East,private
df4d2240-76e7-403b-9ace-51ef55ef9b5c,Vehicle-Charmi-123,2024-10-29 23:33:43.067,5.761370117267646,North-East,private
"923b1471-08dc-4f73-9cad-97748e17f239",Vehicle-Charmi-123,2024-10-29 23:34:25.067,5.698422018534779,North-East,private
f43b097a-3fc5-48e2-957b-dc873b657d22,Vehicle-Charmi-123,2024-10-29 23:35:07.067,10.771501082370275,North-East,private
"1c90fc71-1c96-46c4-9d57-9e052b4790cf",Vehicle-Charmi-123,2024-10-29 23:35:40.067,22.18829800234762,North-East,private
"205c8df6-a044-4751-b63c-1ae4e442eecd",Vehicle-Charmi-123,2024-10-29 23:36:17.067,16.950098264620333,North-East,private
"607237af-5e1b-4d59-8aba-7470e74f7488",Vehicle-Charmi-123,2024-10-29 23:36:55.067,33.579508864878946,North-East,private
a7289c3b-eed6-4bcd-a772-20bcc4dae01c,Vehicle-Charmi-123,2024-10-29 23:37:28.067,29.00295125141116,North-East,private
"8ab30cab-057c-426c-b528-1d46dcb7f9bc",Vehicle-Charmi-123,2024-10-29 23:38:06.067,39.32087788630672,North-East,private
"20e5611a-0f86-4fdf-bd17-06f7db8e7588",Vehicle-Charmi-123,2024-10-29 23:38:41.067,35.810727088597396,North-East,private
f51f01bf-d7cd-4f77-bb73-fe13c5a20a3d,Vehicle-Charmi-123,2024-10-29 23:39:37.067,24.052434968342105,North-East,private
"937d535b-ef22-42ae-8825-ca61759c1db7",Vehicle-Charmi-123,2024-10-29 23:40:13.067,24.53770834959643,North-East,private
e71add3e-3891-4c0f-8034-a93b8d937348,Vehicle-Charmi-123,2024-10-29 23:41:03.067,34.7966493002616,North-East,private
c680766d-8448-4e5d-83ab-6062d99b9708,Vehicle-Charmi-123,2024-10-29 23:41:35.067,37.34253602323034,North-East,private
c40a6388-65c3-4de6-a1f9-99c547546039,Vehicle-Charmi-123,2024-10-29 23:42:05.067,25.63865145239227,North-East,private
"648d42e0-9315-41f1-8129-565870832d6e",Vehicle-Charmi-123,2024-10-29 23:42:36.067,8.981928243328525,North-East,private
"6d04b781-16d1-45c8-b503-d559e501ad16",Vehicle-Charmi-123,2024-10-29 23:43:28.067,2.9776146760568656,North-East,private
"94232cac-0045-4e06-a4b0-4bc292f61047",Vehicle-Charmi-123,2024-10-29 23:44:08.067,9.886142643642618,North-East,private
"62a22995-0b3c-4f92-a012-e3a635d09293",Vehicle-Charmi-123,2024-10-29 23:44:56.067,38.98102315088717,North-East,private
f37bb8c7-45b4-471a-b8d6-2ec62709b249,Vehicle-Charmi-123,2024-10-29 23:45:28.067,2.231598365085734,North-East,private
"2bf4ffe8-2a3f-4b74-89f6-222e2a577034",Vehicle-Charmi-123,2024-10-29 23:46:11.067,24.769222170495368,North-East,private
"3f262988-5d26-4c3d-beef-68a91e6158c4",Vehicle-Charmi-123,2024-10-29 23:47:09.067,25.494549426108005,North-East,private
"0e168cb8-c51d-4d18-851f-309bd0425ea7",Vehicle-Charmi-123,2024-10-29 23:47:55.067,30.174945401472936,North-East,private
"13a8dcb3-6162-4d43-a848-589440d07fb6",Vehicle-Charmi-123,2024-10-29 23:48:51.067,2.1842916077557595,North-East,private
b5f079ea-b3f3-46bc-9e6f-5e78ab9a6f70,Vehicle-Charmi-123,2024-10-29 23:49:39.067,13.42641938212607,North-East,private
a8977967-bd86-44ec-9e4a-20b1b3fa0be6,Vehicle-Charmi-123,2024-10-29 23:50:23.067,9.560761594994723,North-East,private
c907cdb7-ae57-419c-a62c-8ddea145d735,Vehicle-Charmi-123,2024-10-29 23:51:10.067,11.623048615577254,North-East,private
"66970633-3821-40e2-a98e-beeb702c921e",Vehicle-Charmi-123,2024-10-29 23:51:45.067,7.043096972370568,North-East,private
"97c027a8-6e02-4b0c-8ee8-fd0d02ba6810",Vehicle-Charmi-123,2024-10-29 23:52:22.067,14.894010323556873,North-East,private
f42fa434-8d8a-4721-aed2-72b2052e3d1c,Vehicle-Charmi-123,2024-10-29 23:53:02.067,39.07926161174266,North-East,private
bbe0fd6c-bfe9-456f-9fbd-661bcec2dd9b,Vehicle-Charmi-123,2024-10-29 23:53:40.067,34.06010553487226,North-East,private
"1916dd2a-c0fb-4bd5-82ad-3ff313221648",Vehicle-Charmi-123,2024-10-29 23:54:30.067,14.97064366894596,North-East,private
"91982991-5f80-4ab9-914a-324d5b2536e9",Vehicle-Charmi-123,2024-10-29 23:55:29.067,25.989490460337542,North-East,private
f3dae503-b6ef-425d-977e-2ba3e613658c,Vehicle-Charmi-123,2024-10-29 23:56:16.067,30.064910079249184,North-East,private
ff6e308c-7282-4657-9a56-b90b9ce924de,Vehicle-Charmi-123,2024-10-29 23:57:01.067,15.29483706495708,North-East,private
"3ed69bbe-66a9-4fc2-be7d-e7b24a945eed",Vehicle-Charmi-123,2024-10-29 23:57:34.067,14.40947563597005,North-East,private
"3b5f8047-1629-4105-a799-f69f211bd858",Vehicle-Charmi-123,2024-10-29 23:58:31.067,29.59284023735691,North-East,private
"528db7dc-955f-44ea-9f75-64d536502cf5",Vehicle-Charmi-123,2024-10-29 23:59:25.067,34.618644832821275,North-East,private
c2e05298-4fee-4075-bf47-0e8090f9787f,Vehicle-Charmi-123,2024-10-30 00:00:01.067,37.67719110785164,North-East,private
"562374bc-16f2-47c2-b622-ee07245e9188",Vehicle-Charmi-123,2024-10-30 00:00:56.067,14.18649772996373,North-East,private
"8bd1a57f-3f22-4d8f-bce6-10cddeeb48c6",Vehicle-Charmi-123,2024-10-30 00:01:30.067,38.10550182886641,North-East,private
"37e3d4eb-85a7-4636-8dad-9065fcc02e12",Vehicle-Charmi-123,2024-10-30 00:02:14.067,12.185818580759019,North-East,private
"1fa3282c-fc91-4392-81e9-b3bffe946776",Vehicle-Charmi-123,2024-10-30 00:03:05.067,18.186547475294223,North-East,private
dc177b21-2b7d-4a60-856b-7435308b42cd,Vehicle-Charmi-123,2024-10-30 00:03:37.067,36.14350016883,North-East,private
"0e265b72-0876-41e1-9064-d3f5245562e2",Vehicle-Charmi-123,2024-10-30 00:04:28.067,8.068109156919508,North-East,private
"0554409e-8923-4393-90b2-4845bc535a78",Vehicle-Charmi-123,2024-10-30 00:05:21.067,25.85196551114144,North-East,private
"9012d8ad-d7d3-4015-9230-03431ed69493",Vehicle-Charmi-123,2024-10-30 00:06:14.067,15.386599871764508,North-East,private
"935cbc46-c9e4-4e8a-bd80-757dd6cde137",Vehicle-Charmi-123,2024-10-30 00:07:07.067,8.690194758396288,North-East,private
be06c358-71bb-4604-8b8f-4550ccec59af,Vehicle-Charmi-123,2024-10-30 00:07:53.067,1.0687151769386194,North-East,private
"6c7877e2-0e79-4cf1-88da-b703238e2660",Vehicle-Charmi-123,2024-10-30 00:08:33.067,18.569821859824426,North-East,private
"75c968f3-8255-48af-815c-3a02d02a6f6c",Vehicle-Charmi-123,2024-10-30 00:09:06.067,4.966055314139672,North-East,private
"8c6b7620-a68e-4e1f-927c-3dc3e85c62b8",Vehicle-Charmi-123,2024-10-30 00:09:57.067,17.682325749618517,North-East,private
c90eeac4-4a3d-40eb-a3e9-0e40e51cbee5,Vehicle-Charmi-123,2024-10-30 00:10:34.067,0.6415377323874027,North-East,private
"70c89c01-9d7c-44f7-9df9-404102bb12ee",Vehicle-Charmi-123,2024-10-30 00:11:20.067,13.085658646428456,North-East,private
"308ba120-5446-4b6e-a5d8-de03f770cb15",Vehicle-Charmi-123,2024-10-30 00:11:50.067,12.649608854049852,North-East,private
b0fe1451-4ee7-4dae-acb3-e7a35f97d6b5,Vehicle-Charmi-123,2024-10-30 00:12:44.067,39.324099716685495,North-East,private
a62799ac-14b9-431a-850c-e0687476390d,Vehicle-Charmi-123,2024-10-30 00:13:42.067,39.12086124764508,North-East,private
f12ee3a8-9a9c-4052-9a8a-c98fc42c4d27,Vehicle-Charmi-123,2024-10-30 00:14:40.067,9.45585302648344,North-East,private
"1e77c641-4a76-4cdf-9850-ccb22e66f73a",Vehicle-Charmi-123,2024-10-30 00:15:39.067,39.542055113874824,North-East,private
"6868f093-20fd-469f-b1e6-0ec990775d59",Vehicle-Charmi-123,2024-10-30 00:16:32.067,9.689959348981807,North-East,private
"4bace648-1fea-4230-a14b-8aba128489d3",Vehicle-Charmi-123,2024-10-30 00:17:04.067,2.79939679910576,North-East,private
d3d47934-e64e-4f6e-a019-5c7a63b36a0e,Vehicle-Charmi-123,2024-10-30 00:17:48.067,28.86695063040741,North-East,private
"99ce2790-f8af-402b-a0e2-e49edbfa5e82",Vehicle-Charmi-123,2024-10-30 00:18:48.067,15.929778926884378,North-East,private
"3b377403-e5de-43c1-8453-524384c8469d",Vehicle-Charmi-123,2024-10-30 00:19:20.067,36.86129996187435,North-East,private
f8c72ddb-44d4-4151-9ec8-5a8228f21448,Vehicle-Charmi-123,2024-10-30 00:20:00.067,18.770339249287765,North-East,private
c477665b-6879-480e-81a6-dc3283ed460f,Vehicle-Charmi-123,2024-10-30 00:20:41.067,12.312433016612744,North-East,private
"3dc97d52-5115-4f95-97e8-bbed2cd9a9f2",Vehicle-Charmi-123,2024-10-30 00:21:19.067,30.06309620208898,North-East,private
"1e946b6e-ea9a-4817-b288-4c1e06e0f1fe",Vehicle-Charmi-123,2024-10-30 00:22:15.067,28.26235821140575,North-East,private
cabaed76-fc77-4fb6-b747-b76e361bf055,Vehicle-Charmi-123,2024-10-30 00:23:05.067,15.373909293909943,North-East,private
"87d68dfa-f4ae-4191-a111-a63f8f5b3029",Vehicle-Charmi-123,2024-10-30 00:24:03.067,12.319154660085868,North-East,private
"4aa72708-e492-4ca0-bff7-2bae425abe47",Vehicle-Charmi-123,2024-10-30 00:24:42.067,6.735947673436811,North-East,private
"9b908e09-7fd3-4716-89b3-6c0f7e28b4a5",Vehicle-Charmi-123,2024-10-30 00:25:16.067,7.279373259131234,North-East,private
"74f504c6-56ea-4baa-9786-68ce408a4db4",Vehicle-Charmi-123,2024-10-30 00:26:00.067,24.97685823118551,North-East,private
"9487c0cf-2eef-40f3-8afd-b967d1d7572e",Vehicle-Charmi-123,2024-10-30 00:26:33.067,10.643230006634798,North-East,private
c3a22c32-04d1-4064-9817-db48d3a6154a,Vehicle-Charmi-123,2024-10-30 00:27:16.067,27.274399963066635,North-East,private
ceebf4f3-2f1c-4dcc-ba7a-be0a8255ce40,Vehicle-Charmi-123,2024-10-30 00:27:46.067,27.932330787720787,North-East,private
"9eebb042-d060-407f-998e-6e5fbe3a76d9",Vehicle-Charmi-123,2024-10-30 00:28:43.067,16.525063711472868,North-East,private
"42c8a446-b1f5-48d5-abce-01817615a1b0",Vehicle-Charmi-123,2024-10-30 00:29:36.067,3.2547692502540215,North-East,private
"49a878ed-7c77-423f-bf03-1418b5b1e002",Vehicle-Charmi-123,2024-10-30 00:30:34.067,34.27210441728402,North-East,private
"44e81c99-6c72-42e2-b0de-898d9cce3a17",Vehicle-Charmi-123,2024-10-30 00:31:19.067,9.636064542340037,North-East,private
"91c61276-e6e7-4619-8720-e8cb779c7577",Vehicle-Charmi-123,2024-10-30 00:31:57.067,38.06015518233504,North-East,private
b47ce924-94d9-4084-91a4-85ad8c92aa04,Vehicle-Charmi-123,2024-10-30 00:32:46.067,13.729031198325847,North-East,private
"8c96c18f-03b6-46ee-8a9b-a9b566668a54",Vehicle-Charmi-123,2024-10-30 00:33:19.067,29.623248753607413,North-East,private
"5c839c7d-55f8-4d03-8d87-ebc5956dbfa7",Vehicle-Charmi-123,2024-10-30 00:34:16.067,16.947939789188794,North-East,private
"9082d59d-f8b9-457d-ae81-95d4bcad3e77",Vehicle-Charmi-123,2024-10-30 00:34:55.067,19.99330660104183,North-East,private
"01cf0212-ea8b-4eff-aa78-ce636e0db0b3",Vehicle-Charmi-123,2024-10-30 00:35:28.067,33.90677055910893,North-East,private
"372c2599-a53b-4824-9bd6-fecbf7c1896f",Vehicle-Charmi-123,2024-10-30 00:36:21.067,9.002869337918579,North-East,private
b78ee8c9-9b32-4e8d-bb59-f55a647b7118,Vehicle-Charmi-123,2024-10-30 00:37:12.067,13.932286428723986,North-East,private
"73d84ad0-dfa7-4992-be78-3d91eb9af3cb",Vehicle-Charmi-123,2024-10-30 00:38:07.067,32.20287145797113,North-East,private
"952290a6-500e-4f2a-b42c-c5a527bfd62e",Vehicle-Charmi-123,2024-10-29 19:09:37.067,9.344449065532512,North-East,private
"4cbc7dd9-b4e9-4d6e-bcb4-036fc3e6fe9f",Vehicle-Charmi-123,2024-10-29 19:10:37.067,18.076683076711806,North-East,private
"16aec46a-4fc8-4bb0-b867-51907907d07b",Vehicle-Charmi-123,2024-10-29 19:11:11.067,9.928751578450203,North-East,private
"4dc6c0e7-ebf0-4e46-b81e-7b3c65a3b664",Vehicle-Charmi-123,2024-10-29 19:11:44.067,32.15587013775401,North-East,private
"95ca3ac9-7802-4050-b140-7175c2bace59",Vehicle-Charmi-123,2024-10-29 19:12:16.067,10.352826093861033,North-East,private
"791b189a-daf2-4421-b2fa-e9a4af20a586",Vehicle-Charmi-123,2024-10-29 19:12:47.067,22.95536799226891,North-East,private
"3a4f0856-2c95-4af5-aec8-d2b2a8e7736e",Vehicle-Charmi-123,2024-10-29 19:13:18.067,24.6790865796163,North-East,private
"151356ae-8616-47d5-b8b8-7a27dbd0cad5",Vehicle-Charmi-123,2024-10-29 19:14:04.067,39.763491094758535,North-East,private
"64765fcc-a4c1-4c67-aead-914391024dd4",Vehicle-Charmi-123,2024-10-29 16:20:09.067,5.581517141005756,North-East,private
"1e30e62f-75a1-4afe-88ea-15af994949bd",Vehicle-Charmi-123,2024-10-29 16:21:01.067,8.817624881627868,North-East,private
"5d4fa86b-53b7-452c-a79e-825eda0e636f",Vehicle-Charmi-123,2024-10-29 16:21:42.067,24.149041254675645,North-East,private
"78d964eb-914d-4448-85f5-a46cf92f9217",Vehicle-Charmi-123,2024-10-29 16:22:13.067,30.922733631547676,North-East,private
b0f984c5-b56f-4837-9fa3-2bcfa4b9030c,Vehicle-Charmi-123,2024-10-29 16:23:05.067,25.92141540986374,North-East,private
f35e826c-b9c7-4c00-b663-3778cbcd81ed,Vehicle-Charmi-123,2024-10-29 16:23:59.067,32.87210376027233,North-East,private
"50092c87-433b-483b-bbce-afcf962de5ac",Vehicle-Charmi-123,2024-10-29 16:24:58.067,5.714863617682506,North-East,private
"9ecfbc8c-5364-419b-b09d-669157fd552c",Vehicle-Charmi-123,2024-10-29 16:25:31.067,6.39928006889801,North-East,private
b2fec6d0-87af-42cd-af49-8bfcf09af859,Vehicle-Charmi-123,2024-10-29 16:26:29.067,10.673007598101712,North-East,private
"531995ec-ed89-4197-b145-41277f854a95",Vehicle-Charmi-123,2024-10-29 16:27:19.067,25.557979794640207,North-East,private
"490bb16c-9f95-4bb0-84ab-cc01a32ae6ea",Vehicle-Charmi-123,2024-10-29 16:28:00.067,33.26662117444718,North-East,private
"0a3daa4b-1bf9-49e7-9ac1-fc30d78260e8",Vehicle-Charmi-123,2024-10-29 16:28:47.067,21.10695149673016,North-East,private
"035310d0-2809-4523-b785-87c11dcd9ff2",Vehicle-Charmi-123,2024-10-29 16:29:20.067,2.561035853053797,North-East,private
"2debf494-6332-467a-af8e-74ae605aa2c5",Vehicle-Charmi-123,2024-10-29 16:29:57.067,19.41657996601963,North-East,private
"012566b0-238c-4848-a0e9-1a134205bf55",Vehicle-Charmi-123,2024-10-29 16:30:50.067,26.138219530631662,North-East,private
"58dc734d-743e-4b7e-8461-22f513a535d6",Vehicle-Charmi-123,2024-10-29 16:31:34.067,36.93062397104051,North-East,private
"60b2dba5-76a6-42f0-863e-e7c494b35789",Vehicle-Charmi-123,2024-10-29 16:32:31.067,2.345415998887157,North-East,private
"49797129-2e82-4f01-9035-acd1c5bb6d95",Vehicle-Charmi-123,2024-10-29 16:33:31.067,29.429487151561737,North-East,private
"65682994-2eee-4103-bfca-a824e203899f",Vehicle-Charmi-123,2024-10-29 16:34:06.067,2.7184345350302896,North-East,private
cb2ac6f9-6e41-4187-baea-e6c2f0c65039,Vehicle-Charmi-123,2024-10-29 16:34:52.067,10.430627824145313,North-East,private
"67192b22-675f-4fb5-aae6-5444b313b5e9",Vehicle-Charmi-123,2024-10-29 16:35:40.067,2.93042884398532,North-East,private
"9e240c94-3b92-4e95-9d8e-892c6f8276fe",Vehicle-Charmi-123,2024-10-29 16:36:19.067,39.48932254526017,North-East,private
"6a6757e8-9476-45fb-8956-73120a8cf7b4",Vehicle-Charmi-123,2024-10-29 16:37:06.067,11.270250858315771,North-East,private
"3936cd4a-724c-4a47-a643-bb0b29dceb01",Vehicle-Charmi-123,2024-10-29 16:37:37.067,30.844768920785086,North-East,private
"756f6421-71cf-4c0b-ad90-1f918c08de96",Vehicle-Charmi-123,2024-10-29 16:38:11.067,33.38380079544067,North-East,private
"7f76ecc9-7f94-4264-a2c1-d7657173f226",Vehicle-Charmi-123,2024-10-29 16:38:44.067,22.39534076575479,North-East,private
bfb7f872-c686-4a05-9151-6b921a7a77a0,Vehicle-Charmi-123,2024-10-29 16:39:24.067,16.468526662062146,North-East,private
fb7f4b23-750b-4b9e-a0a4-bcb0359dd617,Vehicle-Charmi-123,2024-10-29 16:40:05.067,31.813819966114472,North-East,private
"71d2ec34-1bcd-437c-8b02-d65996ff00d4",Vehicle-Charmi-123,2024-10-29 16:41:01.067,37.56948561298863,North-East,private
"4231228b-43df-4623-a8b4-eae6723047a0",Vehicle-Charmi-123,2024-10-29 16:41:50.067,4.625831361173218,North-East,private
ac7f7835-1afc-4941-9f2d-cf2f24e72090,Vehicle-Charmi-123,2024-10-29 16:42:41.067,24.926216397856365,North-East,private
"92033eaa-fe92-4483-80a7-f8ef271a3552",Vehicle-Charmi-123,2024-10-29 16:43:32.067,27.092717810909317,North-East,private
a021966d-8b39-4dda-8cae-b04789046dcd,Vehicle-Charmi-123,2024-10-29 16:44:08.067,31.74941596424008,North-East,private
"7e695263-4faf-45f2-8e89-cf6a2588e1ae",Vehicle-Charmi-123,2024-10-29 16:44:44.067,1.848548723710337,North-East,private
f63a5dea-3a54-4b94-894c-e10997d580fc,Vehicle-Charmi-123,2024-10-29 16:45:36.067,30.038579064738915,North-East,private
d50432b9-73f3-4e29-89f9-e768540a3a57,Vehicle-Charmi-123,2024-10-29 16:46:09.067,32.056664068890576,North-East,private
d5fdcd00-c52c-49da-be92-5ee3d19a9b24,Vehicle-Charmi-123,2024-10-29 16:47:07.067,34.45979639133049,North-East,private
"7f90a62a-7465-4a68-8d39-9657b8e55817",Vehicle-Charmi-123,2024-10-29 16:47:44.067,12.788382736750492,North-East,private
"990ec716-20d5-40b4-8d9d-4bf8d88d1d35",Vehicle-Charmi-123,2024-10-29 16:48:15.067,16.805740710937023,North-East,private
da493d9c-4bc7-4493-98aa-b5a6602b3dee,Vehicle-Charmi-123,2024-10-29 16:49:15.067,21.52882270440926,North-East,private
"188d535a-0187-4cee-aafc-0e0c87e89c2d",Vehicle-Charmi-123,2024-10-29 16:50:04.067,36.27715450347073,North-East,private
"0af011e0-5023-4431-9268-cfd1dba93bd6",Vehicle-Charmi-123,2024-10-29 16:50:44.067,15.16504862256545,North-East,private
"4d351b37-0c21-4147-b788-b05204c8a1bf",Vehicle-Charmi-123,2024-10-29 16:51:34.067,1.2411999552284847,North-East,private
"06fcdecb-02bd-48e9-aba3-ab13f20173ac",Vehicle-Charmi-123,2024-10-29 16:52:09.067,38.54938976404835,North-East,private
"4b2065cb-1ede-46f0-9c46-064f9d01dadf",Vehicle-Charmi-123,2024-10-29 16:52:57.067,25.089695824041776,North-East,private
ee1b97a6-42ce-4c40-a346-811b224e94be,Vehicle-Charmi-123,2024-10-29 16:53:29.067,13.649246994451328,North-East,private
"289c5aa4-aeeb-41e2-a890-b657c9cebf1d",Vehicle-Charmi-123,2024-10-29 16:54:19.067,32.32796875227024,North-East,private
"829aa60d-2dc4-41b5-8894-c7ef92456087",Vehicle-Charmi-123,2024-10-29 16:55:13.067,24.413268169220824,North-East,private
"3d57afd6-45c4-4b0d-8787-571431f2ef2a",Vehicle-Charmi-123,2024-10-29 16:56:11.067,0.40604457754708445,North-East,private
a55c677f-0c49-4b36-84ad-1c88232df3d8,Vehicle-Charmi-123,2024-10-29 16:56:50.067,27.671486211808073,North-East,private
"170bdb1a-9825-45c5-b7d9-d16e5d154f23",Vehicle-Charmi-123,2024-10-29 16:57:28.067,28.851373253042784,North-East,private
"03d21f54-4de7-475e-ae32-a835279bf4be",Vehicle-Charmi-123,2024-10-29 16:58:07.067,7.177661747416133,North-East,private
d2ec2e33-640a-4b63-9014-8a81fada7720,Vehicle-Charmi-123,2024-10-29 16:58:46.067,17.61875192544041,North-East,private
ae09cf69-6568-42ce-8373-e19a00286653,Vehicle-Charmi-123,2024-10-29 16:59:20.067,22.51358388338257,North-East,private
e1de3bb9-048b-48cb-ae5b-5e6a996fd6e9,Vehicle-Charmi-123,2024-10-29 17:00:17.067,17.15319344561703,North-East,private
"3954813d-386c-4884-8ffc-23c095019e7a",Vehicle-Charmi-123,2024-10-29 17:00:52.067,6.261304617725525,North-East,private
b1ec8e3f-291a-418b-8750-e3bcd24e816c,Vehicle-Charmi-123,2024-10-29 17:01:47.067,23.59158356821031,North-East,private
"873feca0-03da-4c27-9b4c-c304d1ece089",Vehicle-Charmi-123,2024-10-29 17:02:36.067,22.768281972763695,North-East,private
"226dec58-a87d-4331-af19-5bcc284b7843",Vehicle-Charmi-123,2024-10-29 17:03:34.067,12.892863334331999,North-East,private
fa951947-a525-4c10-af2c-a3df88841d27,Vehicle-Charmi-123,2024-10-29 17:04:09.067,26.060379577347454,North-East,private
"703a4994-0f3f-4372-b9b0-457dcf7da7fa",Vehicle-Charmi-123,2024-10-29 17:04:42.067,13.192146543158616,North-East,private
"032bbc4a-6ac1-4fb6-a733-248352c839c3",Vehicle-Charmi-123,2024-10-29 17:05:36.067,20.583850093164205,North-East,private
"0cb5a820-e365-4d0a-8059-ba076ed719fa",Vehicle-Charmi-123,2024-10-29 17:06:35.067,35.233864694312224,North-East,private
dc0dfa70-8d22-4360-8987-29137478f404,Vehicle-Charmi-123,2024-10-29 17:07:31.067,18.457915767151334,North-East,private
a5433cd6-edef-4140-8275-ffb2a9011712,Vehicle-Charmi-123,2024-10-29 17:08:13.067,23.975103946995997,North-East,private
"75a7b7e8-a112-46fd-8d8c-2b21014c8f5d",Vehicle-Charmi-123,2024-10-29 17:08:52.067,23.196935355336166,North-East,private
e1782e56-ee79-4f4e-9325-dcae26797e07,Vehicle-Charmi-123,2024-10-29 17:09:44.067,15.318833957184088,North-East,private
"2d4f181f-ec5b-470c-ae11-7f8ed35b2c26",Vehicle-Charmi-123,2024-10-29 17:10:30.067,13.27978815725455,North-East,private
"4b7b7855-4f5d-4dae-96b9-30262c7eca4c",Vehicle-Charmi-123,2024-10-29 17:11:10.067,15.899332955430939,North-East,private
f79942a9-0597-421b-a04d-68935b127111,Vehicle-Charmi-123,2024-10-29 17:12:01.067,39.89703691824862,North-East,private
e3ee7294-151d-4599-9427-b5d16e0cfd14,Vehicle-Charmi-123,2024-10-29 17:12:56.067,14.33853369201454,North-East,private
"84bf105c-33cf-49ec-b620-3b2284bb68b2",Vehicle-Charmi-123,2024-10-29 17:13:55.067,9.287537771806091,North-East,private
b76d81e8-a683-4190-a6c4-ff6d98ae95ad,Vehicle-Charmi-123,2024-10-29 17:14:43.067,38.48116291293768,North-East,private
"557e0ad6-f9f9-4ca2-aa49-8eda90e2c170",Vehicle-Charmi-123,2024-10-29 17:15:35.067,39.117779383074506,North-East,private
cce5afe0-cf6f-43cd-a6fa-4043bfca02c9,Vehicle-Charmi-123,2024-10-29 17:16:29.067,24.28259992657064,North-East,private
"68c083f3-13df-4571-8fbc-92d656103a76",Vehicle-Charmi-123,2024-10-29 17:17:08.067,1.3345812498252974,North-East,private
"7190fb81-5585-4d0d-958f-c27a3bf24d5f",Vehicle-Charmi-123,2024-10-29 17:18:04.067,36.561958141532486,North-East,private
"78932484-3b51-492a-a280-b250c2d26280",Vehicle-Charmi-123,2024-10-29 17:18:46.067,32.18350576082248,North-East,private
"3a69fed6-9b76-4548-b2a6-b0456703072e",Vehicle-Charmi-123,2024-10-29 17:19:19.067,18.859074719257546,North-East,private
"33216a4a-c81f-421d-b5da-936068be2817",Vehicle-Charmi-123,2024-10-29 17:19:50.067,19.704984759128234,North-East,private
"769d18b6-fb3c-4dd7-bbaf-2be38c8d6593",Vehicle-Charmi-123,2024-10-29 17:20:48.067,3.9608653884211398,North-East,private
"516e8d28-c8fe-4353-ab17-9cd5a4953822",Vehicle-Charmi-123,2024-10-29 17:21:39.067,36.06784849698619,North-East,private
"376721bf-74ff-4d74-a687-32fbcb534e14",Vehicle-Charmi-123,2024-10-29 17:22:28.067,2.02314042651492,North-East,private
"133a0bfd-a8d7-4a49-8fbb-0cf1d8d1d8df",Vehicle-Charmi-123,2024-10-29 17:23:22.067,36.021241425270325,North-East,private
bf648043-6b03-4c98-ac37-011018b082b2,Vehicle-Charmi-123,2024-10-29 17:23:59.067,0.6312433404464102,North-East,private
a6799875-75db-465b-aae1-e49cb9503022,Vehicle-Charmi-123,2024-10-29 17:24:48.067,31.329079839215183,North-East,private
"62b923fa-a218-4395-99fd-f3382d085ae8",Vehicle-Charmi-123,2024-10-29 17:25:47.067,35.97067060494139,North-East,private
"9116b696-efe0-49bf-9829-4687426aa831",Vehicle-Charmi-123,2024-10-29 17:26:31.067,17.20797303294493,North-East,private
"392dc478-020f-43eb-86bc-76a300445fdf",Vehicle-Charmi-123,2024-10-29 17:27:11.067,15.949207370278131,North-East,private
"59fdeb5e-3000-4266-bf78-6b3cba526fc7",Vehicle-Charmi-123,2024-10-29 17:27:54.067,29.55183993954863,North-East,private
"02dd0ce6-019e-40f5-9851-38865bbbfbef",Vehicle-Charmi-123,2024-10-29 17:28:54.067,12.497955963506158,North-East,private
"5ec380e2-3411-4e45-b5d2-2baf2684f842",Vehicle-Charmi-123,2024-10-29 17:29:31.067,33.80620645313432,North-East,private
bc528027-adfe-4e9e-87f9-4f124e223f01,Vehicle-Charmi-123,2024-10-29 17:30:06.067,22.65284379045505,North-East,private
"8e1dde90-5430-444c-aaee-cb09592ff334",Vehicle-Charmi-123,2024-10-29 17:30:45.067,31.07342479866964,North-East,private
"6385b95b-1707-4633-8b30-8e7df552c75e",Vehicle-Charmi-123,2024-10-29 17:31:34.067,10.926673774590778,North-East,private
"45471734-aa55-4a22-a96a-d436afcdf7bd",Vehicle-Charmi-123,2024-10-29 17:32:23.067,8.176924974149271,North-East,private
c0de1a9d-e985-47d6-a04d-a2e26c32c1db,Vehicle-Charmi-123,2024-10-29 17:33:00.067,33.33416809679513,North-East,private
"17a37edc-6205-4767-a975-48df106b0e6d",Vehicle-Charmi-123,2024-10-29 17:33:52.067,11.580608223430326,North-East,private
e0593108-9158-4289-9e35-1815ea7db232,Vehicle-Charmi-123,2024-10-29 17:34:35.067,20.958501720025264,North-East,private
d5e03066-07be-4c16-b55c-555747ff87f1,Vehicle-Charmi-123,2024-10-29 17:35:28.067,25.817719046782553,North-East,private
"710f1ddc-02cd-4ee3-a26d-b726c8f9bdf8",Vehicle-Charmi-123,2024-10-29 17:36:12.067,30.395085984309937,North-East,private
"14e0357a-4d93-4bfa-91f2-ba4d4f8a89b1",Vehicle-Charmi-123,2024-10-29 17:36:53.067,12.416314024252436,North-East,private
e4d52250-7ebd-4229-8db0-f39e38df8384,Vehicle-Charmi-123,2024-10-29 17:37:48.067,1.640908554116991,North-East,private
"69a8bd17-8a2a-4ab3-b389-d722bda545ea",Vehicle-Charmi-123,2024-10-29 17:38:38.067,9.909748943931369,North-East,private
"47643e54-fe70-4274-ab6a-e3f266ee4595",Vehicle-Charmi-123,2024-10-29 17:39:09.067,25.892214278772276,North-East,private
"161456b7-a3d4-4a08-85e2-192a85cfc562",Vehicle-Charmi-123,2024-10-29 17:39:43.067,12.409269502072483,North-East,private
"2ad1aff5-d53e-44ee-9b41-b4fe3203f461",Vehicle-Charmi-123,2024-10-29 17:40:36.067,36.49791941833298,North-East,private
"0d371e39-7483-47fe-aca8-9de80c097c60",Vehicle-Charmi-123,2024-10-29 17:41:10.067,33.777135547435336,North-East,private
"6a531abc-c439-4861-93fb-570edd46bcba",Vehicle-Charmi-123,2024-10-29 17:41:59.067,6.621566629762348,North-East,private
"16f65af4-dc6e-4019-aa84-f0486dabffad",Vehicle-Charmi-123,2024-10-29 17:42:54.067,36.158973525498325,North-East,private
"5aa6afdb-6470-4e0a-b6cb-420c730fec03",Vehicle-Charmi-123,2024-10-29 17:43:32.067,19.223626218473,North-East,private
"548a1f58-c94a-4dc1-a83e-55d4a8cc4295",Vehicle-Charmi-123,2024-10-29 17:44:28.067,37.85653052047043,North-East,private
aae67bae-ce92-4c10-971a-286cf49fe49d,Vehicle-Charmi-123,2024-10-29 17:45:05.067,37.233036189998124,North-East,private
bc1f37d2-0812-480c-83dc-20c2a9c008ea,Vehicle-Charmi-123,2024-10-29 17:45:37.067,8.626189778734176,North-East,private
"1d06e61e-632a-4ca0-9c9f-1c158cee01c8",Vehicle-Charmi-123,2024-10-29 17:46:22.067,0.6574140882357771,North-East,private
f5680abb-3b64-475c-8054-f765773dd940,Vehicle-Charmi-123,2024-10-29 17:47:08.067,2.7071729163538416,North-East,private
"35283c7e-c51b-41ce-a395-923f1cae0677",Vehicle-Charmi-123,2024-10-29 17:47:45.067,25.130278499026257,North-East,private
"1b0fa11d-aa1d-4742-b719-375e2ef4207f",Vehicle-Charmi-123,2024-10-29 17:48:17.067,37.744206028485166,North-East,private
"64c40cfe-255f-4777-bafb-cd0a84628eda",Vehicle-Charmi-123,2024-10-29 17:48:55.067,25.876019952030013,North-East,private
"976869a4-837e-474a-9732-9b51203d71d7",Vehicle-Charmi-123,2024-10-29 17:49:30.067,19.90093569974509,North-East,private
"772f01f9-a81e-4130-85c6-75c5486a8dc4",Vehicle-Charmi-123,2024-10-29 17:50:21.067,17.836630523986106,North-East,private
"7d3fdc9b-ec08-46e2-a220-f6c7498e395e",Vehicle-Charmi-123,2024-10-29 17:51:21.067,26.847355555746717,North-East,private
ceb0561c-d0cf-434a-be56-0803d85905f9,Vehicle-Charmi-123,2024-10-29 17:52:02.067,37.978684475196786,North-East,private
c385d16a-6cee-486c-9f99-e2681e8b3efc,Vehicle-Charmi-123,2024-10-29 17:52:52.067,38.420802090599715,North-East,private
c65601c0-b3bf-4128-aa90-3562fb612d80,Vehicle-Charmi-123,2024-10-29 17:53:44.067,19.648007810168963,North-East,private
"9f1f8c6f-ffeb-4430-bf31-fcf7fb311a0e",Vehicle-Charmi-123,2024-10-29 17:54:23.067,34.05448203012504,North-East,private
"02e242f5-3392-4bf0-8a2e-d792bcecfcf9",Vehicle-Charmi-123,2024-10-29 17:55:10.067,18.69623357166699,North-East,private
a57238a7-fdf0-4594-b47c-68d03149d74f,Vehicle-Charmi-123,2024-10-29 17:55:42.067,12.681106818419273,North-East,private
"96847a13-4f7d-4dc6-ace2-072586e71b06",Vehicle-Charmi-123,2024-10-29 17:56:28.067,2.216514000711083,North-East,private
d0d272de-b67f-4975-8da7-c974676cc707,Vehicle-Charmi-123,2024-10-29 17:57:18.067,10.978041328540531,North-East,private
fcf00300-de58-4f29-a637-cb7c6ee6a50e,Vehicle-Charmi-123,2024-10-29 17:58:14.067,3.2489141957347956,North-East,private
e100c2f3-0644-4a3c-b4a5-9a80cb09471b,Vehicle-Charmi-123,2024-10-29 17:58:51.067,27.399633647827066,North-East,private
cb4622fb-4d2f-4bbd-84be-0ea7408a9715,Vehicle-Charmi-123,2024-10-29 17:59:44.067,13.814822428039943,North-East,private
"5f24ed7e-a0fc-4039-b900-446676ce9cac",Vehicle-Charmi-123,2024-10-29 18:00:44.067,24.615097766558748,North-East,private
bf242db8-2f9a-405d-98cc-1aedcdcc7387,Vehicle-Charmi-123,2024-10-29 18:01:42.067,0.9270519286540413,North-East,private
"35c012b7-3338-4df5-b84f-e6ba9780277c",Vehicle-Charmi-123,2024-10-29 18:02:15.067,35.298229236743715,North-East,private
a77d0137-b0ce-4c30-b361-490045e76a5a,Vehicle-Charmi-123,2024-10-29 18:03:09.067,33.01245271834454,North-East,private
a25ff63b-d82b-4e1e-b824-bcea85cdfc71,Vehicle-Charmi-123,2024-10-29 18:03:55.067,1.6101962462971642,North-East,private
"791799ce-c8f7-4114-87c9-0b736072e9d6",Vehicle-Charmi-123,2024-10-29 18:04:37.067,29.572774422944164,North-East,private
"63f2ae54-896f-49f5-8dd3-038af0a5f2cc",Vehicle-Charmi-123,2024-10-29 18:05:20.067,31.870192557205886,North-East,private
f0c2fae4-30b0-441d-80d5-159d64c0edef,Vehicle-Charmi-123,2024-10-29 18:05:55.067,28.847313409964976,North-East,private
"1029813f-d301-4cb1-9a40-a366600cdf2a",Vehicle-Charmi-123,2024-10-29 18:06:29.067,8.15566730808538,North-East,private
"399b8ebc-ab3a-45fb-8367-732aacfd47ac",Vehicle-Charmi-123,2024-10-29 18:07:11.067,6.9272969542931095,North-East,private
"6df9c4e5-0650-4160-bc48-f479177ef6f3",Vehicle-Charmi-123,2024-10-29 18:07:58.067,37.65942185309846,North-East,private
"6905d5c9-ab89-4b9d-8f9b-0281a781e030",Vehicle-Charmi-123,2024-10-29 18:08:45.067,39.20642149285449,North-East,private
"9e553d2c-fc6b-449f-902d-7fcb3991d079",Vehicle-Charmi-123,2024-10-29 18:09:41.067,37.32095735133231,North-East,private
"089cd280-3cdd-48a9-bb67-f66ea9c438b0",Vehicle-Charmi-123,2024-10-29 18:10:24.067,18.89615628139523,North-East,private
"3f70c944-207b-496f-ae5b-1d0ab6493755",Vehicle-Charmi-123,2024-10-29 18:11:03.067,25.835916715610793,North-East,private
"78ba9ca8-1316-44d5-afc9-e3a17fdd46a7",Vehicle-Charmi-123,2024-10-29 18:12:02.067,39.8868721235404,North-East,private
"9dac2e4d-6e5b-49ee-b8a7-3cebaf8fcbf1",Vehicle-Charmi-123,2024-10-29 18:13:01.067,11.38246609400185,North-East,private
"460660f1-2040-4f12-afaf-2bf20babf611",Vehicle-Charmi-123,2024-10-29 18:13:39.067,0.5633678247385898,North-East,private
"88f7071f-70cf-41a0-b57a-f7292d67b2ff",Vehicle-Charmi-123,2024-10-29 18:14:30.067,39.26740769762154,North-East,private
eebafb34-3af1-43d0-ad14-0e89b08c8974,Vehicle-Charmi-123,2024-10-29 18:15:08.067,27.710743616909554,North-East,private
"6ec67e59-ac51-4ce3-8094-0fd5084528c3",Vehicle-Charmi-123,2024-10-29 18:15:49.067,8.765144037413757,North-East,private
a1376e57-a188-4ddf-ba11-9940e18dc635,Vehicle-Charmi-123,2024-10-29 18:16:38.067,3.2748122589309947,North-East,private
"6b922961-c793-4157-b4de-157e46249cac",Vehicle-Charmi-123,2024-10-29 18:17:18.067,17.673622106385235,North-East,private
df40581d-5d49-4ff0-a4fa-33c2d99a7b74,Vehicle-Charmi-123,2024-10-29 18:18:02.067,12.326782561326048,North-East,private
"94cfb7e9-c20f-49a3-beec-629a78db6b57",Vehicle-Charmi-123,2024-10-29 18:19:00.067,37.351022503397225,North-East,private
"23bc0134-4d73-4aa0-8cb4-75156faf65e7",Vehicle-Charmi-123,2024-10-29 18:19:57.067,15.09985398520396,North-East,private
"6f317bf2-60ff-4e67-8684-e82fe9c02071",Vehicle-Charmi-123,2024-10-29 18:20:27.067,39.13962730716556,North-East,private
de6ff75e-229a-4852-9142-7ad4e5c59205,Vehicle-Charmi-123,2024-10-29 18:21:00.067,26.407907432091413,North-East,private
"53bdd0d7-a869-476a-952b-f190caa64b3d",Vehicle-Charmi-123,2024-10-29 18:21:37.067,30.175428349891376,North-East,private
"7c39d361-01a7-47c8-8eb4-b2379ce67a05",Vehicle-Charmi-123,2024-10-29 18:22:28.067,16.542408257872147,North-East,private
cc6a5658-a3c3-4fc9-83d1-b5dde1ae6902,Vehicle-Charmi-123,2024-10-29 18:23:07.067,30.17664388952501,North-East,private
"0bb11c1f-6978-44f5-b130-37051aca83c9",Vehicle-Charmi-123,2024-10-29 18:23:41.067,10.19982582430146,North-East,private
e465e453-f2de-4607-be95-e0b2a1d6ad1a,Vehicle-Charmi-123,2024-10-29 18:24:30.067,2.911373134900117,North-East,private
"496cbc92-d398-4a1b-9587-a0ce102ed881",Vehicle-Charmi-123,2024-10-29 18:25:03.067,30.173229717886706,North-East,private
"12b945aa-ff56-4583-936e-080bfdb19d4a",Vehicle-Charmi-123,2024-10-29 18:26:01.067,3.9443292626192017,North-East,private
